url,key,key_description
https://studentaid.gov/fafsa-app/CYCLE2122_APPLICATION/DEPENDENCY_STATUS/1;direction=next,udff[ct],Country
https://studentaid.gov/fafsa-app/CYCLE2122_APPLICATION/DEPENDENCY_STATUS/1;direction=next,udff[em],Email
https://studentaid.gov/fafsa-app/CYCLE2122_APPLICATION/DEPENDENCY_STATUS/1;direction=next,udff[fn],First Name
https://studentaid.gov/fafsa-app/CYCLE2122_APPLICATION/DEPENDENCY_STATUS/1;direction=next,udff[ln],Last Name
https://studentaid.gov/fafsa-app/CYCLE2122_APPLICATION/DEPENDENCY_STATUS/1;direction=next,udff[ph],Phone Number
https://studentaid.gov/fafsa-app/CYCLE2122_APPLICATION/DEPENDENCY_STATUS/1;direction=next,udff[st],State
https://studentaid.gov/fafsa-app/CYCLE2122_APPLICATION/DEPENDENCY_STATUS/1;direction=next,udff[zp],Zip Code
https://studentaid.gov/fafsa-app/CYCLE2122_APPLICATION/DEPENDENCY_STATUS/2;direction=next,udff[ct],Country
https://studentaid.gov/fafsa-app/CYCLE2122_APPLICATION/DEPENDENCY_STATUS/2;direction=next,udff[em],Email
https://studentaid.gov/fafsa-app/CYCLE2122_APPLICATION/DEPENDENCY_STATUS/2;direction=next,udff[fn],First Name
https://studentaid.gov/fafsa-app/CYCLE2122_APPLICATION/DEPENDENCY_STATUS/2;direction=next,udff[ln],Last Name
https://studentaid.gov/fafsa-app/CYCLE2122_APPLICATION/DEPENDENCY_STATUS/2;direction=next,udff[ph],Phone Number
https://studentaid.gov/fafsa-app/CYCLE2122_APPLICATION/DEPENDENCY_STATUS/2;direction=next,udff[st],State
https://studentaid.gov/fafsa-app/CYCLE2122_APPLICATION/DEPENDENCY_STATUS/2;direction=next,udff[zp],Zip Code
https://studentaid.gov/fafsa-app/CYCLE2122_APPLICATION/DEPENDENCY_STATUS/2;direction=next,udff[ct],Country
https://studentaid.gov/fafsa-app/CYCLE2122_APPLICATION/DEPENDENCY_STATUS/2;direction=next,udff[em],Email
https://studentaid.gov/fafsa-app/CYCLE2122_APPLICATION/DEPENDENCY_STATUS/2;direction=next,udff[fn],First Name
https://studentaid.gov/fafsa-app/CYCLE2122_APPLICATION/DEPENDENCY_STATUS/2;direction=next,udff[ln],Last Name
https://studentaid.gov/fafsa-app/CYCLE2122_APPLICATION/DEPENDENCY_STATUS/2;direction=next,udff[ph],Phone Number
https://studentaid.gov/fafsa-app/CYCLE2122_APPLICATION/DEPENDENCY_STATUS/2;direction=next,udff[st],State
https://studentaid.gov/fafsa-app/CYCLE2122_APPLICATION/DEPENDENCY_STATUS/2;direction=next,udff[zp],Zip Code
https://studentaid.gov/fafsa-app/CYCLE2122_APPLICATION/DEPENDENCY_STATUS/6;direction=next,udff[ct],Country
https://studentaid.gov/fafsa-app/CYCLE2122_APPLICATION/DEPENDENCY_STATUS/6;direction=next,udff[em],Email
https://studentaid.gov/fafsa-app/CYCLE2122_APPLICATION/DEPENDENCY_STATUS/6;direction=next,udff[fn],First Name
https://studentaid.gov/fafsa-app/CYCLE2122_APPLICATION/DEPENDENCY_STATUS/6;direction=next,udff[ln],Last Name
https://studentaid.gov/fafsa-app/CYCLE2122_APPLICATION/DEPENDENCY_STATUS/6;direction=next,udff[ph],Phone Number
https://studentaid.gov/fafsa-app/CYCLE2122_APPLICATION/DEPENDENCY_STATUS/6;direction=next,udff[st],State
https://studentaid.gov/fafsa-app/CYCLE2122_APPLICATION/DEPENDENCY_STATUS/6;direction=next,udff[zp],Zip Code
https://studentaid.gov/fafsa-app/CYCLE2122_APPLICATION/DEPENDENCY_STATUS/7;direction=next,udff[ct],Country
https://studentaid.gov/fafsa-app/CYCLE2122_APPLICATION/DEPENDENCY_STATUS/7;direction=next,udff[em],Email
https://studentaid.gov/fafsa-app/CYCLE2122_APPLICATION/DEPENDENCY_STATUS/7;direction=next,udff[fn],First Name
https://studentaid.gov/fafsa-app/CYCLE2122_APPLICATION/DEPENDENCY_STATUS/7;direction=next,udff[ln],Last Name
https://studentaid.gov/fafsa-app/CYCLE2122_APPLICATION/DEPENDENCY_STATUS/7;direction=next,udff[ph],Phone Number
https://studentaid.gov/fafsa-app/CYCLE2122_APPLICATION/DEPENDENCY_STATUS/7;direction=next,udff[st],State
https://studentaid.gov/fafsa-app/CYCLE2122_APPLICATION/DEPENDENCY_STATUS/7;direction=next,udff[zp],Zip Code
https://studentaid.gov/fafsa-app/CYCLE2122_APPLICATION/SCHOOL_SELECTION/1/HIGH_SCHOOL_CONFIRM;direction=next,udff[ct],Country
https://studentaid.gov/fafsa-app/CYCLE2122_APPLICATION/SCHOOL_SELECTION/1/HIGH_SCHOOL_CONFIRM;direction=next,udff[em],Email
https://studentaid.gov/fafsa-app/CYCLE2122_APPLICATION/SCHOOL_SELECTION/1/HIGH_SCHOOL_CONFIRM;direction=next,udff[fn],First Name
https://studentaid.gov/fafsa-app/CYCLE2122_APPLICATION/SCHOOL_SELECTION/1/HIGH_SCHOOL_CONFIRM;direction=next,udff[ln],Last Name
https://studentaid.gov/fafsa-app/CYCLE2122_APPLICATION/SCHOOL_SELECTION/1/HIGH_SCHOOL_CONFIRM;direction=next,udff[ph],Phone Number
https://studentaid.gov/fafsa-app/CYCLE2122_APPLICATION/SCHOOL_SELECTION/1/HIGH_SCHOOL_CONFIRM;direction=next,udff[st],State
https://studentaid.gov/fafsa-app/CYCLE2122_APPLICATION/SCHOOL_SELECTION/1/HIGH_SCHOOL_CONFIRM;direction=next,udff[zp],Zip Code
https://studentaid.gov/fafsa-app/CYCLE2122_APPLICATION/SCHOOL_SELECTION/2;direction=next,udff[ct],Country
https://studentaid.gov/fafsa-app/CYCLE2122_APPLICATION/SCHOOL_SELECTION/2;direction=next,udff[em],Email
https://studentaid.gov/fafsa-app/CYCLE2122_APPLICATION/SCHOOL_SELECTION/2;direction=next,udff[fn],First Name
https://studentaid.gov/fafsa-app/CYCLE2122_APPLICATION/SCHOOL_SELECTION/2;direction=next,udff[ln],Last Name
https://studentaid.gov/fafsa-app/CYCLE2122_APPLICATION/SCHOOL_SELECTION/2;direction=next,udff[ph],Phone Number
https://studentaid.gov/fafsa-app/CYCLE2122_APPLICATION/SCHOOL_SELECTION/2;direction=next,udff[st],State
https://studentaid.gov/fafsa-app/CYCLE2122_APPLICATION/SCHOOL_SELECTION/2;direction=next,udff[zp],Zip Code
https://studentaid.gov/fafsa-app/CYCLE2122_APPLICATION/SCHOOL_SELECTION/2;direction=next,udff[ct],Country
https://studentaid.gov/fafsa-app/CYCLE2122_APPLICATION/SCHOOL_SELECTION/2;direction=next,udff[em],Email
https://studentaid.gov/fafsa-app/CYCLE2122_APPLICATION/SCHOOL_SELECTION/2;direction=next,udff[fn],First Name
https://studentaid.gov/fafsa-app/CYCLE2122_APPLICATION/SCHOOL_SELECTION/2;direction=next,udff[ln],Last Name
https://studentaid.gov/fafsa-app/CYCLE2122_APPLICATION/SCHOOL_SELECTION/2;direction=next,udff[ph],Phone Number
https://studentaid.gov/fafsa-app/CYCLE2122_APPLICATION/SCHOOL_SELECTION/2;direction=next,udff[st],State
https://studentaid.gov/fafsa-app/CYCLE2122_APPLICATION/SCHOOL_SELECTION/2;direction=next,udff[zp],Zip Code
https://studentaid.gov/fafsa-app/CYCLE2122_APPLICATION/SCHOOL_SELECTION/2/SCHOOL_SUMMARY;direction=next,udff[ct],Country
https://studentaid.gov/fafsa-app/CYCLE2122_APPLICATION/SCHOOL_SELECTION/2/SCHOOL_SUMMARY;direction=next,udff[em],Email
https://studentaid.gov/fafsa-app/CYCLE2122_APPLICATION/SCHOOL_SELECTION/2/SCHOOL_SUMMARY;direction=next,udff[fn],First Name
https://studentaid.gov/fafsa-app/CYCLE2122_APPLICATION/SCHOOL_SELECTION/2/SCHOOL_SUMMARY;direction=next,udff[ln],Last Name
https://studentaid.gov/fafsa-app/CYCLE2122_APPLICATION/SCHOOL_SELECTION/2/SCHOOL_SUMMARY;direction=next,udff[ph],Phone Number
https://studentaid.gov/fafsa-app/CYCLE2122_APPLICATION/SCHOOL_SELECTION/2/SCHOOL_SUMMARY;direction=next,udff[st],State
https://studentaid.gov/fafsa-app/CYCLE2122_APPLICATION/SCHOOL_SELECTION/2/SCHOOL_SUMMARY;direction=next,udff[zp],Zip Code
https://studentaid.gov/fafsa-app/CYCLE2122_APPLICATION/SIGN_SUBMIT/2,udff[ct],Country
https://studentaid.gov/fafsa-app/CYCLE2122_APPLICATION/SIGN_SUBMIT/2,udff[em],Email
https://studentaid.gov/fafsa-app/CYCLE2122_APPLICATION/SIGN_SUBMIT/2,udff[fn],First Name
https://studentaid.gov/fafsa-app/CYCLE2122_APPLICATION/SIGN_SUBMIT/2,udff[ln],Last Name
https://studentaid.gov/fafsa-app/CYCLE2122_APPLICATION/SIGN_SUBMIT/2,udff[ph],Phone Number
https://studentaid.gov/fafsa-app/CYCLE2122_APPLICATION/SIGN_SUBMIT/2,udff[st],State
https://studentaid.gov/fafsa-app/CYCLE2122_APPLICATION/SIGN_SUBMIT/2,udff[zp],Zip Code
https://studentaid.gov/fafsa-app/CYCLE2122_APPLICATION/SIGN_SUBMIT/4;direction=next,udff[ct],Country
https://studentaid.gov/fafsa-app/CYCLE2122_APPLICATION/SIGN_SUBMIT/4;direction=next,udff[em],Email
https://studentaid.gov/fafsa-app/CYCLE2122_APPLICATION/SIGN_SUBMIT/4;direction=next,udff[fn],First Name
https://studentaid.gov/fafsa-app/CYCLE2122_APPLICATION/SIGN_SUBMIT/4;direction=next,udff[ln],Last Name
https://studentaid.gov/fafsa-app/CYCLE2122_APPLICATION/SIGN_SUBMIT/4;direction=next,udff[ph],Phone Number
https://studentaid.gov/fafsa-app/CYCLE2122_APPLICATION/SIGN_SUBMIT/4;direction=next,udff[st],State
https://studentaid.gov/fafsa-app/CYCLE2122_APPLICATION/SIGN_SUBMIT/4;direction=next,udff[zp],Zip Code
https://studentaid.gov/fafsa-app/CYCLE2122_APPLICATION/SIGN_SUBMIT/4;direction=next,udff[ct],Country
https://studentaid.gov/fafsa-app/CYCLE2122_APPLICATION/SIGN_SUBMIT/4;direction=next,udff[em],Email
https://studentaid.gov/fafsa-app/CYCLE2122_APPLICATION/SIGN_SUBMIT/4;direction=next,udff[fn],First Name
https://studentaid.gov/fafsa-app/CYCLE2122_APPLICATION/SIGN_SUBMIT/4;direction=next,udff[ln],Last Name
https://studentaid.gov/fafsa-app/CYCLE2122_APPLICATION/SIGN_SUBMIT/4;direction=next,udff[ph],Phone Number
https://studentaid.gov/fafsa-app/CYCLE2122_APPLICATION/SIGN_SUBMIT/4;direction=next,udff[st],State
https://studentaid.gov/fafsa-app/CYCLE2122_APPLICATION/SIGN_SUBMIT/4;direction=next,udff[zp],Zip Code
https://studentaid.gov/fafsa-app/CYCLE2122_APPLICATION/STUDENT_DEMOGRAPHICS/1;direction=next,udff[fn],First Name
https://studentaid.gov/fafsa-app/CYCLE2122_APPLICATION/STUDENT_DEMOGRAPHICS/1;direction=next,udff[ln],Last Name
https://studentaid.gov/fafsa-app/CYCLE2122_APPLICATION/STUDENT_DEMOGRAPHICS/2;direction=next,udff[em],Email
https://studentaid.gov/fafsa-app/CYCLE2122_APPLICATION/STUDENT_DEMOGRAPHICS/2;direction=next,udff[fn],First Name
https://studentaid.gov/fafsa-app/CYCLE2122_APPLICATION/STUDENT_DEMOGRAPHICS/2;direction=next,udff[ln],Last Name
https://studentaid.gov/fafsa-app/CYCLE2122_APPLICATION/STUDENT_DEMOGRAPHICS/2;direction=next,udff[ph],Phone Number
https://studentaid.gov/fafsa-app/CYCLE2122_APPLICATION/STUDENT_DEMOGRAPHICS/3;direction=next,udff[ct],Country
https://studentaid.gov/fafsa-app/CYCLE2122_APPLICATION/STUDENT_DEMOGRAPHICS/3;direction=next,udff[em],Email
https://studentaid.gov/fafsa-app/CYCLE2122_APPLICATION/STUDENT_DEMOGRAPHICS/3;direction=next,udff[fn],First Name
https://studentaid.gov/fafsa-app/CYCLE2122_APPLICATION/STUDENT_DEMOGRAPHICS/3;direction=next,udff[ln],Last Name
https://studentaid.gov/fafsa-app/CYCLE2122_APPLICATION/STUDENT_DEMOGRAPHICS/3;direction=next,udff[ph],Phone Number
https://studentaid.gov/fafsa-app/CYCLE2122_APPLICATION/STUDENT_DEMOGRAPHICS/3;direction=next,udff[zp],Zip Code
https://studentaid.gov/fafsa-app/CYCLE2122_APPLICATION/STUDENT_DEMOGRAPHICS/4;direction=next,udff[ct],Country
https://studentaid.gov/fafsa-app/CYCLE2122_APPLICATION/STUDENT_DEMOGRAPHICS/4;direction=next,udff[em],Email
https://studentaid.gov/fafsa-app/CYCLE2122_APPLICATION/STUDENT_DEMOGRAPHICS/4;direction=next,udff[fn],First Name
https://studentaid.gov/fafsa-app/CYCLE2122_APPLICATION/STUDENT_DEMOGRAPHICS/4;direction=next,udff[ln],Last Name
https://studentaid.gov/fafsa-app/CYCLE2122_APPLICATION/STUDENT_DEMOGRAPHICS/4;direction=next,udff[ph],Phone Number
https://studentaid.gov/fafsa-app/CYCLE2122_APPLICATION/STUDENT_DEMOGRAPHICS/4;direction=next,udff[st],State
https://studentaid.gov/fafsa-app/CYCLE2122_APPLICATION/STUDENT_DEMOGRAPHICS/4;direction=next,udff[zp],Zip Code
https://studentaid.gov/fafsa-app/CYCLE2122_APPLICATION/STUDENT_DEMOGRAPHICS/4;direction=next,udff[ct],Country
https://studentaid.gov/fafsa-app/CYCLE2122_APPLICATION/STUDENT_DEMOGRAPHICS/4;direction=next,udff[em],Email
https://studentaid.gov/fafsa-app/CYCLE2122_APPLICATION/STUDENT_DEMOGRAPHICS/4;direction=next,udff[fn],First Name
https://studentaid.gov/fafsa-app/CYCLE2122_APPLICATION/STUDENT_DEMOGRAPHICS/4;direction=next,udff[ln],Last Name
https://studentaid.gov/fafsa-app/CYCLE2122_APPLICATION/STUDENT_DEMOGRAPHICS/4;direction=next,udff[ph],Phone Number
https://studentaid.gov/fafsa-app/CYCLE2122_APPLICATION/STUDENT_DEMOGRAPHICS/4;direction=next,udff[st],State
https://studentaid.gov/fafsa-app/CYCLE2122_APPLICATION/STUDENT_DEMOGRAPHICS/4;direction=next,udff[zp],Zip Code
https://studentaid.gov/fafsa-app/CYCLE2122_APPLICATION/STUDENT_DEMOGRAPHICS/5;direction=next,udff[ct],Country
https://studentaid.gov/fafsa-app/CYCLE2122_APPLICATION/STUDENT_DEMOGRAPHICS/5;direction=next,udff[em],Email
https://studentaid.gov/fafsa-app/CYCLE2122_APPLICATION/STUDENT_DEMOGRAPHICS/5;direction=next,udff[fn],First Name
https://studentaid.gov/fafsa-app/CYCLE2122_APPLICATION/STUDENT_DEMOGRAPHICS/5;direction=next,udff[ln],Last Name
https://studentaid.gov/fafsa-app/CYCLE2122_APPLICATION/STUDENT_DEMOGRAPHICS/5;direction=next,udff[ph],Phone Number
https://studentaid.gov/fafsa-app/CYCLE2122_APPLICATION/STUDENT_DEMOGRAPHICS/5;direction=next,udff[st],State
https://studentaid.gov/fafsa-app/CYCLE2122_APPLICATION/STUDENT_DEMOGRAPHICS/5;direction=next,udff[zp],Zip Code
https://studentaid.gov/fafsa-app/CYCLE2122_APPLICATION/STUDENT_DEMOGRAPHICS/6;direction=next,udff[ct],Country
https://studentaid.gov/fafsa-app/CYCLE2122_APPLICATION/STUDENT_DEMOGRAPHICS/6;direction=next,udff[em],Email
https://studentaid.gov/fafsa-app/CYCLE2122_APPLICATION/STUDENT_DEMOGRAPHICS/6;direction=next,udff[fn],First Name
https://studentaid.gov/fafsa-app/CYCLE2122_APPLICATION/STUDENT_DEMOGRAPHICS/6;direction=next,udff[ln],Last Name
https://studentaid.gov/fafsa-app/CYCLE2122_APPLICATION/STUDENT_DEMOGRAPHICS/6;direction=next,udff[ph],Phone Number
https://studentaid.gov/fafsa-app/CYCLE2122_APPLICATION/STUDENT_DEMOGRAPHICS/6;direction=next,udff[st],State
https://studentaid.gov/fafsa-app/CYCLE2122_APPLICATION/STUDENT_DEMOGRAPHICS/6;direction=next,udff[zp],Zip Code
https://studentaid.gov/fafsa-app/CYCLE2122_APPLICATION/STUDENT_DEMOGRAPHICS/7;direction=next,udff[ct],Country
https://studentaid.gov/fafsa-app/CYCLE2122_APPLICATION/STUDENT_DEMOGRAPHICS/7;direction=next,udff[em],Email
https://studentaid.gov/fafsa-app/CYCLE2122_APPLICATION/STUDENT_DEMOGRAPHICS/7;direction=next,udff[fn],First Name
https://studentaid.gov/fafsa-app/CYCLE2122_APPLICATION/STUDENT_DEMOGRAPHICS/7;direction=next,udff[ln],Last Name
https://studentaid.gov/fafsa-app/CYCLE2122_APPLICATION/STUDENT_DEMOGRAPHICS/7;direction=next,udff[ph],Phone Number
https://studentaid.gov/fafsa-app/CYCLE2122_APPLICATION/STUDENT_DEMOGRAPHICS/7;direction=next,udff[st],State
https://studentaid.gov/fafsa-app/CYCLE2122_APPLICATION/STUDENT_DEMOGRAPHICS/7;direction=next,udff[zp],Zip Code
https://studentaid.gov/fafsa-app/CYCLE2122_APPLICATION/STUDENT_DEMOGRAPHICS/8;direction=next,udff[ct],Country
https://studentaid.gov/fafsa-app/CYCLE2122_APPLICATION/STUDENT_DEMOGRAPHICS/8;direction=next,udff[em],Email
https://studentaid.gov/fafsa-app/CYCLE2122_APPLICATION/STUDENT_DEMOGRAPHICS/8;direction=next,udff[fn],First Name
https://studentaid.gov/fafsa-app/CYCLE2122_APPLICATION/STUDENT_DEMOGRAPHICS/8;direction=next,udff[ln],Last Name
https://studentaid.gov/fafsa-app/CYCLE2122_APPLICATION/STUDENT_DEMOGRAPHICS/8;direction=next,udff[ph],Phone Number
https://studentaid.gov/fafsa-app/CYCLE2122_APPLICATION/STUDENT_DEMOGRAPHICS/8;direction=next,udff[st],State
https://studentaid.gov/fafsa-app/CYCLE2122_APPLICATION/STUDENT_DEMOGRAPHICS/8;direction=next,udff[zp],Zip Code
https://studentaid.gov/fafsa-app/CYCLE2122_APPLICATION/STUDENT_DEMOGRAPHICS/9;direction=next,udff[ct],Country
https://studentaid.gov/fafsa-app/CYCLE2122_APPLICATION/STUDENT_DEMOGRAPHICS/9;direction=next,udff[em],Email
https://studentaid.gov/fafsa-app/CYCLE2122_APPLICATION/STUDENT_DEMOGRAPHICS/9;direction=next,udff[fn],First Name
https://studentaid.gov/fafsa-app/CYCLE2122_APPLICATION/STUDENT_DEMOGRAPHICS/9;direction=next,udff[ln],Last Name
https://studentaid.gov/fafsa-app/CYCLE2122_APPLICATION/STUDENT_DEMOGRAPHICS/9;direction=next,udff[ph],Phone Number
https://studentaid.gov/fafsa-app/CYCLE2122_APPLICATION/STUDENT_DEMOGRAPHICS/9;direction=next,udff[st],State
https://studentaid.gov/fafsa-app/CYCLE2122_APPLICATION/STUDENT_DEMOGRAPHICS/9;direction=next,udff[zp],Zip Code
https://studentaid.gov/fafsa-app/CYCLE2122_APPLICATION/STUDENT_FINANCES/1;direction=next,udff[ct],Country
https://studentaid.gov/fafsa-app/CYCLE2122_APPLICATION/STUDENT_FINANCES/1;direction=next,udff[em],Email
https://studentaid.gov/fafsa-app/CYCLE2122_APPLICATION/STUDENT_FINANCES/1;direction=next,udff[fn],First Name
https://studentaid.gov/fafsa-app/CYCLE2122_APPLICATION/STUDENT_FINANCES/1;direction=next,udff[ln],Last Name
https://studentaid.gov/fafsa-app/CYCLE2122_APPLICATION/STUDENT_FINANCES/1;direction=next,udff[ph],Phone Number
https://studentaid.gov/fafsa-app/CYCLE2122_APPLICATION/STUDENT_FINANCES/1;direction=next,udff[st],State
https://studentaid.gov/fafsa-app/CYCLE2122_APPLICATION/STUDENT_FINANCES/1;direction=next,udff[zp],Zip Code
https://studentaid.gov/fafsa-app/CYCLE2122_APPLICATION/STUDENT_FINANCES/1;direction=next,udff[ct],Country
https://studentaid.gov/fafsa-app/CYCLE2122_APPLICATION/STUDENT_FINANCES/1;direction=next,udff[em],Email
https://studentaid.gov/fafsa-app/CYCLE2122_APPLICATION/STUDENT_FINANCES/1;direction=next,udff[fn],First Name
https://studentaid.gov/fafsa-app/CYCLE2122_APPLICATION/STUDENT_FINANCES/1;direction=next,udff[ln],Last Name
https://studentaid.gov/fafsa-app/CYCLE2122_APPLICATION/STUDENT_FINANCES/1;direction=next,udff[ph],Phone Number
https://studentaid.gov/fafsa-app/CYCLE2122_APPLICATION/STUDENT_FINANCES/1;direction=next,udff[st],State
https://studentaid.gov/fafsa-app/CYCLE2122_APPLICATION/STUDENT_FINANCES/1;direction=next,udff[zp],Zip Code
https://studentaid.gov/fafsa-app/CYCLE2122_APPLICATION/STUDENT_FINANCES/10;direction=next,udff[ct],Country
https://studentaid.gov/fafsa-app/CYCLE2122_APPLICATION/STUDENT_FINANCES/10;direction=next,udff[em],Email
https://studentaid.gov/fafsa-app/CYCLE2122_APPLICATION/STUDENT_FINANCES/10;direction=next,udff[fn],First Name
https://studentaid.gov/fafsa-app/CYCLE2122_APPLICATION/STUDENT_FINANCES/10;direction=next,udff[ln],Last Name
https://studentaid.gov/fafsa-app/CYCLE2122_APPLICATION/STUDENT_FINANCES/10;direction=next,udff[ph],Phone Number
https://studentaid.gov/fafsa-app/CYCLE2122_APPLICATION/STUDENT_FINANCES/10;direction=next,udff[st],State
https://studentaid.gov/fafsa-app/CYCLE2122_APPLICATION/STUDENT_FINANCES/10;direction=next,udff[zp],Zip Code
https://studentaid.gov/fafsa-app/CYCLE2122_APPLICATION/STUDENT_FINANCES/11;direction=next,udff[ct],Country
https://studentaid.gov/fafsa-app/CYCLE2122_APPLICATION/STUDENT_FINANCES/11;direction=next,udff[em],Email
https://studentaid.gov/fafsa-app/CYCLE2122_APPLICATION/STUDENT_FINANCES/11;direction=next,udff[fn],First Name
https://studentaid.gov/fafsa-app/CYCLE2122_APPLICATION/STUDENT_FINANCES/11;direction=next,udff[ln],Last Name
https://studentaid.gov/fafsa-app/CYCLE2122_APPLICATION/STUDENT_FINANCES/11;direction=next,udff[ph],Phone Number
https://studentaid.gov/fafsa-app/CYCLE2122_APPLICATION/STUDENT_FINANCES/11;direction=next,udff[st],State
https://studentaid.gov/fafsa-app/CYCLE2122_APPLICATION/STUDENT_FINANCES/11;direction=next,udff[zp],Zip Code
https://studentaid.gov/fafsa-app/CYCLE2122_APPLICATION/STUDENT_FINANCES/12;direction=next,udff[ct],Country
https://studentaid.gov/fafsa-app/CYCLE2122_APPLICATION/STUDENT_FINANCES/12;direction=next,udff[em],Email
https://studentaid.gov/fafsa-app/CYCLE2122_APPLICATION/STUDENT_FINANCES/12;direction=next,udff[fn],First Name
https://studentaid.gov/fafsa-app/CYCLE2122_APPLICATION/STUDENT_FINANCES/12;direction=next,udff[ln],Last Name
https://studentaid.gov/fafsa-app/CYCLE2122_APPLICATION/STUDENT_FINANCES/12;direction=next,udff[ph],Phone Number
https://studentaid.gov/fafsa-app/CYCLE2122_APPLICATION/STUDENT_FINANCES/12;direction=next,udff[st],State
https://studentaid.gov/fafsa-app/CYCLE2122_APPLICATION/STUDENT_FINANCES/12;direction=next,udff[zp],Zip Code
https://studentaid.gov/fafsa-app/CYCLE2122_APPLICATION/STUDENT_FINANCES/13;direction=next,udff[ct],Country
https://studentaid.gov/fafsa-app/CYCLE2122_APPLICATION/STUDENT_FINANCES/13;direction=next,udff[em],Email
https://studentaid.gov/fafsa-app/CYCLE2122_APPLICATION/STUDENT_FINANCES/13;direction=next,udff[fn],First Name
https://studentaid.gov/fafsa-app/CYCLE2122_APPLICATION/STUDENT_FINANCES/13;direction=next,udff[ln],Last Name
https://studentaid.gov/fafsa-app/CYCLE2122_APPLICATION/STUDENT_FINANCES/13;direction=next,udff[ph],Phone Number
https://studentaid.gov/fafsa-app/CYCLE2122_APPLICATION/STUDENT_FINANCES/13;direction=next,udff[st],State
https://studentaid.gov/fafsa-app/CYCLE2122_APPLICATION/STUDENT_FINANCES/13;direction=next,udff[zp],Zip Code
https://studentaid.gov/fafsa-app/CYCLE2122_APPLICATION/STUDENT_FINANCES/13;direction=next,udff[ct],Country
https://studentaid.gov/fafsa-app/CYCLE2122_APPLICATION/STUDENT_FINANCES/13;direction=next,udff[em],Email
https://studentaid.gov/fafsa-app/CYCLE2122_APPLICATION/STUDENT_FINANCES/13;direction=next,udff[fn],First Name
https://studentaid.gov/fafsa-app/CYCLE2122_APPLICATION/STUDENT_FINANCES/13;direction=next,udff[ln],Last Name
https://studentaid.gov/fafsa-app/CYCLE2122_APPLICATION/STUDENT_FINANCES/13;direction=next,udff[ph],Phone Number
https://studentaid.gov/fafsa-app/CYCLE2122_APPLICATION/STUDENT_FINANCES/13;direction=next,udff[st],State
https://studentaid.gov/fafsa-app/CYCLE2122_APPLICATION/STUDENT_FINANCES/13;direction=next,udff[zp],Zip Code
https://studentaid.gov/fafsa-app/CYCLE2122_APPLICATION/STUDENT_FINANCES/5;direction=next,udff[ct],Country
https://studentaid.gov/fafsa-app/CYCLE2122_APPLICATION/STUDENT_FINANCES/5;direction=next,udff[em],Email
https://studentaid.gov/fafsa-app/CYCLE2122_APPLICATION/STUDENT_FINANCES/5;direction=next,udff[fn],First Name
https://studentaid.gov/fafsa-app/CYCLE2122_APPLICATION/STUDENT_FINANCES/5;direction=next,udff[ln],Last Name
https://studentaid.gov/fafsa-app/CYCLE2122_APPLICATION/STUDENT_FINANCES/5;direction=next,udff[ph],Phone Number
https://studentaid.gov/fafsa-app/CYCLE2122_APPLICATION/STUDENT_FINANCES/5;direction=next,udff[st],State
https://studentaid.gov/fafsa-app/CYCLE2122_APPLICATION/STUDENT_FINANCES/5;direction=next,udff[zp],Zip Code
https://studentaid.gov/fafsa-app/CYCLE2122_APPLICATION/STUDENT_FINANCES/6;direction=next,udff[ct],Country
https://studentaid.gov/fafsa-app/CYCLE2122_APPLICATION/STUDENT_FINANCES/6;direction=next,udff[em],Email
https://studentaid.gov/fafsa-app/CYCLE2122_APPLICATION/STUDENT_FINANCES/6;direction=next,udff[fn],First Name
https://studentaid.gov/fafsa-app/CYCLE2122_APPLICATION/STUDENT_FINANCES/6;direction=next,udff[ln],Last Name
https://studentaid.gov/fafsa-app/CYCLE2122_APPLICATION/STUDENT_FINANCES/6;direction=next,udff[ph],Phone Number
https://studentaid.gov/fafsa-app/CYCLE2122_APPLICATION/STUDENT_FINANCES/6;direction=next,udff[st],State
https://studentaid.gov/fafsa-app/CYCLE2122_APPLICATION/STUDENT_FINANCES/6;direction=next,udff[zp],Zip Code
https://studentaid.gov/fafsa-app/CYCLE2122_APPLICATION/STUDENT_FINANCES/6;direction=next,udff[ct],Country
https://studentaid.gov/fafsa-app/CYCLE2122_APPLICATION/STUDENT_FINANCES/6;direction=next,udff[em],Email
https://studentaid.gov/fafsa-app/CYCLE2122_APPLICATION/STUDENT_FINANCES/6;direction=next,udff[fn],First Name
https://studentaid.gov/fafsa-app/CYCLE2122_APPLICATION/STUDENT_FINANCES/6;direction=next,udff[ln],Last Name
https://studentaid.gov/fafsa-app/CYCLE2122_APPLICATION/STUDENT_FINANCES/6;direction=next,udff[ph],Phone Number
https://studentaid.gov/fafsa-app/CYCLE2122_APPLICATION/STUDENT_FINANCES/6;direction=next,udff[st],State
https://studentaid.gov/fafsa-app/CYCLE2122_APPLICATION/STUDENT_FINANCES/6;direction=next,udff[zp],Zip Code
https://studentaid.gov/fafsa-app/CYCLE2122_APPLICATION/STUDENT_FINANCES/9;direction=next,udff[ct],Country
https://studentaid.gov/fafsa-app/CYCLE2122_APPLICATION/STUDENT_FINANCES/9;direction=next,udff[em],Email
https://studentaid.gov/fafsa-app/CYCLE2122_APPLICATION/STUDENT_FINANCES/9;direction=next,udff[fn],First Name
https://studentaid.gov/fafsa-app/CYCLE2122_APPLICATION/STUDENT_FINANCES/9;direction=next,udff[ln],Last Name
https://studentaid.gov/fafsa-app/CYCLE2122_APPLICATION/STUDENT_FINANCES/9;direction=next,udff[ph],Phone Number
https://studentaid.gov/fafsa-app/CYCLE2122_APPLICATION/STUDENT_FINANCES/9;direction=next,udff[st],State
https://studentaid.gov/fafsa-app/CYCLE2122_APPLICATION/STUDENT_FINANCES/9;direction=next,udff[zp],Zip Code
https://studentaid.gov/fafsa-app/CYCLE2223_APPLICATION/DEPENDENCY_STATUS/1;direction=next,udff[ct],Country
https://studentaid.gov/fafsa-app/CYCLE2223_APPLICATION/DEPENDENCY_STATUS/1;direction=next,udff[em],Email
https://studentaid.gov/fafsa-app/CYCLE2223_APPLICATION/DEPENDENCY_STATUS/1;direction=next,udff[fn],First Name
https://studentaid.gov/fafsa-app/CYCLE2223_APPLICATION/DEPENDENCY_STATUS/1;direction=next,udff[ln],Last Name
https://studentaid.gov/fafsa-app/CYCLE2223_APPLICATION/DEPENDENCY_STATUS/1;direction=next,udff[ph],Phone Number
https://studentaid.gov/fafsa-app/CYCLE2223_APPLICATION/DEPENDENCY_STATUS/1;direction=next,udff[st],State
https://studentaid.gov/fafsa-app/CYCLE2223_APPLICATION/DEPENDENCY_STATUS/1;direction=next,udff[zp],Zip Code
https://studentaid.gov/fafsa-app/CYCLE2223_APPLICATION/DEPENDENCY_STATUS/1;direction=next,udff[ct],Country
https://studentaid.gov/fafsa-app/CYCLE2223_APPLICATION/DEPENDENCY_STATUS/1;direction=next,udff[em],Email
https://studentaid.gov/fafsa-app/CYCLE2223_APPLICATION/DEPENDENCY_STATUS/1;direction=next,udff[fn],First Name
https://studentaid.gov/fafsa-app/CYCLE2223_APPLICATION/DEPENDENCY_STATUS/1;direction=next,udff[ln],Last Name
https://studentaid.gov/fafsa-app/CYCLE2223_APPLICATION/DEPENDENCY_STATUS/1;direction=next,udff[ph],Phone Number
https://studentaid.gov/fafsa-app/CYCLE2223_APPLICATION/DEPENDENCY_STATUS/1;direction=next,udff[st],State
https://studentaid.gov/fafsa-app/CYCLE2223_APPLICATION/DEPENDENCY_STATUS/1;direction=next,udff[zp],Zip Code
https://studentaid.gov/fafsa-app/CYCLE2223_APPLICATION/DEPENDENCY_STATUS/2;direction=next,udff[em],Email
https://studentaid.gov/fafsa-app/CYCLE2223_APPLICATION/DEPENDENCY_STATUS/2;direction=next,udff[fn],First Name
https://studentaid.gov/fafsa-app/CYCLE2223_APPLICATION/DEPENDENCY_STATUS/2;direction=next,udff[ln],Last Name
https://studentaid.gov/fafsa-app/CYCLE2223_APPLICATION/DEPENDENCY_STATUS/2;direction=next,udff[ph],Phone Number
https://studentaid.gov/fafsa-app/CYCLE2223_APPLICATION/DEPENDENCY_STATUS/2;direction=next,udff[st],State
https://studentaid.gov/fafsa-app/CYCLE2223_APPLICATION/DEPENDENCY_STATUS/2;direction=next,udff[zp],Zip Code
https://studentaid.gov/fafsa-app/CYCLE2223_APPLICATION/DEPENDENCY_STATUS/2;direction=next,udff[ct],Country
https://studentaid.gov/fafsa-app/CYCLE2223_APPLICATION/DEPENDENCY_STATUS/2;direction=next,udff[em],Email
https://studentaid.gov/fafsa-app/CYCLE2223_APPLICATION/DEPENDENCY_STATUS/2;direction=next,udff[fn],First Name
https://studentaid.gov/fafsa-app/CYCLE2223_APPLICATION/DEPENDENCY_STATUS/2;direction=next,udff[ln],Last Name
https://studentaid.gov/fafsa-app/CYCLE2223_APPLICATION/DEPENDENCY_STATUS/2;direction=next,udff[ph],Phone Number
https://studentaid.gov/fafsa-app/CYCLE2223_APPLICATION/DEPENDENCY_STATUS/2;direction=next,udff[st],State
https://studentaid.gov/fafsa-app/CYCLE2223_APPLICATION/DEPENDENCY_STATUS/2;direction=next,udff[zp],Zip Code
https://studentaid.gov/fafsa-app/CYCLE2223_APPLICATION/DEPENDENCY_STATUS/3;direction=next,udff[ct],Country
https://studentaid.gov/fafsa-app/CYCLE2223_APPLICATION/DEPENDENCY_STATUS/3;direction=next,udff[em],Email
https://studentaid.gov/fafsa-app/CYCLE2223_APPLICATION/DEPENDENCY_STATUS/3;direction=next,udff[fn],First Name
https://studentaid.gov/fafsa-app/CYCLE2223_APPLICATION/DEPENDENCY_STATUS/3;direction=next,udff[ln],Last Name
https://studentaid.gov/fafsa-app/CYCLE2223_APPLICATION/DEPENDENCY_STATUS/3;direction=next,udff[ph],Phone Number
https://studentaid.gov/fafsa-app/CYCLE2223_APPLICATION/DEPENDENCY_STATUS/3;direction=next,udff[st],State
https://studentaid.gov/fafsa-app/CYCLE2223_APPLICATION/DEPENDENCY_STATUS/3;direction=next,udff[zp],Zip Code
https://studentaid.gov/fafsa-app/CYCLE2223_APPLICATION/DEPENDENCY_STATUS/4;direction=next,udff[ct],Country
https://studentaid.gov/fafsa-app/CYCLE2223_APPLICATION/DEPENDENCY_STATUS/4;direction=next,udff[em],Email
https://studentaid.gov/fafsa-app/CYCLE2223_APPLICATION/DEPENDENCY_STATUS/4;direction=next,udff[fn],First Name
https://studentaid.gov/fafsa-app/CYCLE2223_APPLICATION/DEPENDENCY_STATUS/4;direction=next,udff[ln],Last Name
https://studentaid.gov/fafsa-app/CYCLE2223_APPLICATION/DEPENDENCY_STATUS/4;direction=next,udff[ph],Phone Number
https://studentaid.gov/fafsa-app/CYCLE2223_APPLICATION/DEPENDENCY_STATUS/4;direction=next,udff[st],State
https://studentaid.gov/fafsa-app/CYCLE2223_APPLICATION/DEPENDENCY_STATUS/4;direction=next,udff[zp],Zip Code
https://studentaid.gov/fafsa-app/CYCLE2223_APPLICATION/DEPENDENCY_STATUS/6;direction=next,udff[ct],Country
https://studentaid.gov/fafsa-app/CYCLE2223_APPLICATION/DEPENDENCY_STATUS/6;direction=next,udff[em],Email
https://studentaid.gov/fafsa-app/CYCLE2223_APPLICATION/DEPENDENCY_STATUS/6;direction=next,udff[fn],First Name
https://studentaid.gov/fafsa-app/CYCLE2223_APPLICATION/DEPENDENCY_STATUS/6;direction=next,udff[ln],Last Name
https://studentaid.gov/fafsa-app/CYCLE2223_APPLICATION/DEPENDENCY_STATUS/6;direction=next,udff[ph],Phone Number
https://studentaid.gov/fafsa-app/CYCLE2223_APPLICATION/DEPENDENCY_STATUS/6;direction=next,udff[st],State
https://studentaid.gov/fafsa-app/CYCLE2223_APPLICATION/DEPENDENCY_STATUS/6;direction=next,udff[zp],Zip Code
https://studentaid.gov/fafsa-app/CYCLE2223_APPLICATION/DEPENDENCY_STATUS/7;direction=next,udff[ct],Country
https://studentaid.gov/fafsa-app/CYCLE2223_APPLICATION/DEPENDENCY_STATUS/7;direction=next,udff[em],Email
https://studentaid.gov/fafsa-app/CYCLE2223_APPLICATION/DEPENDENCY_STATUS/7;direction=next,udff[fn],First Name
https://studentaid.gov/fafsa-app/CYCLE2223_APPLICATION/DEPENDENCY_STATUS/7;direction=next,udff[ln],Last Name
https://studentaid.gov/fafsa-app/CYCLE2223_APPLICATION/DEPENDENCY_STATUS/7;direction=next,udff[ph],Phone Number
https://studentaid.gov/fafsa-app/CYCLE2223_APPLICATION/DEPENDENCY_STATUS/7;direction=next,udff[st],State
https://studentaid.gov/fafsa-app/CYCLE2223_APPLICATION/DEPENDENCY_STATUS/7;direction=next,udff[zp],Zip Code
https://studentaid.gov/fafsa-app/CYCLE2223_APPLICATION/DEPENDENCY_STATUS/8;direction=next,udff[ct],Country
https://studentaid.gov/fafsa-app/CYCLE2223_APPLICATION/DEPENDENCY_STATUS/8;direction=next,udff[em],Email
https://studentaid.gov/fafsa-app/CYCLE2223_APPLICATION/DEPENDENCY_STATUS/8;direction=next,udff[fn],First Name
https://studentaid.gov/fafsa-app/CYCLE2223_APPLICATION/DEPENDENCY_STATUS/8;direction=next,udff[ln],Last Name
https://studentaid.gov/fafsa-app/CYCLE2223_APPLICATION/DEPENDENCY_STATUS/8;direction=next,udff[ph],Phone Number
https://studentaid.gov/fafsa-app/CYCLE2223_APPLICATION/DEPENDENCY_STATUS/8;direction=next,udff[st],State
https://studentaid.gov/fafsa-app/CYCLE2223_APPLICATION/DEPENDENCY_STATUS/8;direction=next,udff[zp],Zip Code
https://studentaid.gov/fafsa-app/CYCLE2223_APPLICATION/INTRODUCTION/1;direction=next,udff[fn],First Name
https://studentaid.gov/fafsa-app/CYCLE2223_APPLICATION/INTRODUCTION/1;direction=next,udff[ln],Last Name
https://studentaid.gov/fafsa-app/CYCLE2223_APPLICATION/INTRODUCTION/1;direction=next,udff[fn],First Name
https://studentaid.gov/fafsa-app/CYCLE2223_APPLICATION/INTRODUCTION/1;direction=next,udff[ln],Last Name
https://studentaid.gov/fafsa-app/CYCLE2223_APPLICATION/PARENTS_DEMOGRAPHICS/1;direction=next,udff[ct],Country
https://studentaid.gov/fafsa-app/CYCLE2223_APPLICATION/PARENTS_DEMOGRAPHICS/1;direction=next,udff[em],Email
https://studentaid.gov/fafsa-app/CYCLE2223_APPLICATION/PARENTS_DEMOGRAPHICS/1;direction=next,udff[fn],First Name
https://studentaid.gov/fafsa-app/CYCLE2223_APPLICATION/PARENTS_DEMOGRAPHICS/1;direction=next,udff[ln],Last Name
https://studentaid.gov/fafsa-app/CYCLE2223_APPLICATION/PARENTS_DEMOGRAPHICS/1;direction=next,udff[ph],Phone Number
https://studentaid.gov/fafsa-app/CYCLE2223_APPLICATION/PARENTS_DEMOGRAPHICS/1;direction=next,udff[st],State
https://studentaid.gov/fafsa-app/CYCLE2223_APPLICATION/PARENTS_DEMOGRAPHICS/1;direction=next,udff[zp],Zip Code
https://studentaid.gov/fafsa-app/CYCLE2223_APPLICATION/PARENTS_DEMOGRAPHICS/2;direction=next,udff[ct],Country
https://studentaid.gov/fafsa-app/CYCLE2223_APPLICATION/PARENTS_DEMOGRAPHICS/2;direction=next,udff[em],Email
https://studentaid.gov/fafsa-app/CYCLE2223_APPLICATION/PARENTS_DEMOGRAPHICS/2;direction=next,udff[fn],First Name
https://studentaid.gov/fafsa-app/CYCLE2223_APPLICATION/PARENTS_DEMOGRAPHICS/2;direction=next,udff[ln],Last Name
https://studentaid.gov/fafsa-app/CYCLE2223_APPLICATION/PARENTS_DEMOGRAPHICS/2;direction=next,udff[ph],Phone Number
https://studentaid.gov/fafsa-app/CYCLE2223_APPLICATION/PARENTS_DEMOGRAPHICS/2;direction=next,udff[st],State
https://studentaid.gov/fafsa-app/CYCLE2223_APPLICATION/PARENTS_DEMOGRAPHICS/2;direction=next,udff[zp],Zip Code
https://studentaid.gov/fafsa-app/CYCLE2223_APPLICATION/PARENTS_DEMOGRAPHICS/3;direction=next,udff[ct],Country
https://studentaid.gov/fafsa-app/CYCLE2223_APPLICATION/PARENTS_DEMOGRAPHICS/3;direction=next,udff[em],Email
https://studentaid.gov/fafsa-app/CYCLE2223_APPLICATION/PARENTS_DEMOGRAPHICS/3;direction=next,udff[fn],First Name
https://studentaid.gov/fafsa-app/CYCLE2223_APPLICATION/PARENTS_DEMOGRAPHICS/3;direction=next,udff[ln],Last Name
https://studentaid.gov/fafsa-app/CYCLE2223_APPLICATION/PARENTS_DEMOGRAPHICS/3;direction=next,udff[ph],Phone Number
https://studentaid.gov/fafsa-app/CYCLE2223_APPLICATION/PARENTS_DEMOGRAPHICS/3;direction=next,udff[st],State
https://studentaid.gov/fafsa-app/CYCLE2223_APPLICATION/PARENTS_DEMOGRAPHICS/3;direction=next,udff[zp],Zip Code
https://studentaid.gov/fafsa-app/CYCLE2223_APPLICATION/PARENTS_DEMOGRAPHICS/4;direction=next,udff[ct],Country
https://studentaid.gov/fafsa-app/CYCLE2223_APPLICATION/PARENTS_DEMOGRAPHICS/4;direction=next,udff[em],Email
https://studentaid.gov/fafsa-app/CYCLE2223_APPLICATION/PARENTS_DEMOGRAPHICS/4;direction=next,udff[fn],First Name
https://studentaid.gov/fafsa-app/CYCLE2223_APPLICATION/PARENTS_DEMOGRAPHICS/4;direction=next,udff[ln],Last Name
https://studentaid.gov/fafsa-app/CYCLE2223_APPLICATION/PARENTS_DEMOGRAPHICS/4;direction=next,udff[ph],Phone Number
https://studentaid.gov/fafsa-app/CYCLE2223_APPLICATION/PARENTS_DEMOGRAPHICS/4;direction=next,udff[st],State
https://studentaid.gov/fafsa-app/CYCLE2223_APPLICATION/PARENTS_DEMOGRAPHICS/4;direction=next,udff[zp],Zip Code
https://studentaid.gov/fafsa-app/CYCLE2223_APPLICATION/PARENTS_DEMOGRAPHICS/5;direction=next,udff[ct],Country
https://studentaid.gov/fafsa-app/CYCLE2223_APPLICATION/PARENTS_DEMOGRAPHICS/5;direction=next,udff[em],Email
https://studentaid.gov/fafsa-app/CYCLE2223_APPLICATION/PARENTS_DEMOGRAPHICS/5;direction=next,udff[fn],First Name
https://studentaid.gov/fafsa-app/CYCLE2223_APPLICATION/PARENTS_DEMOGRAPHICS/5;direction=next,udff[ln],Last Name
https://studentaid.gov/fafsa-app/CYCLE2223_APPLICATION/PARENTS_DEMOGRAPHICS/5;direction=next,udff[ph],Phone Number
https://studentaid.gov/fafsa-app/CYCLE2223_APPLICATION/PARENTS_DEMOGRAPHICS/5;direction=next,udff[st],State
https://studentaid.gov/fafsa-app/CYCLE2223_APPLICATION/PARENTS_DEMOGRAPHICS/5;direction=next,udff[zp],Zip Code
https://studentaid.gov/fafsa-app/CYCLE2223_APPLICATION/PARENTS_DEMOGRAPHICS/6;direction=next,udff[ct],Country
https://studentaid.gov/fafsa-app/CYCLE2223_APPLICATION/PARENTS_DEMOGRAPHICS/6;direction=next,udff[em],Email
https://studentaid.gov/fafsa-app/CYCLE2223_APPLICATION/PARENTS_DEMOGRAPHICS/6;direction=next,udff[fn],First Name
https://studentaid.gov/fafsa-app/CYCLE2223_APPLICATION/PARENTS_DEMOGRAPHICS/6;direction=next,udff[ln],Last Name
https://studentaid.gov/fafsa-app/CYCLE2223_APPLICATION/PARENTS_DEMOGRAPHICS/6;direction=next,udff[ph],Phone Number
https://studentaid.gov/fafsa-app/CYCLE2223_APPLICATION/PARENTS_DEMOGRAPHICS/6;direction=next,udff[st],State
https://studentaid.gov/fafsa-app/CYCLE2223_APPLICATION/PARENTS_DEMOGRAPHICS/6;direction=next,udff[zp],Zip Code
https://studentaid.gov/fafsa-app/CYCLE2223_APPLICATION/PARENTS_DEMOGRAPHICS/6;direction=next,udff[ct],Country
https://studentaid.gov/fafsa-app/CYCLE2223_APPLICATION/PARENTS_DEMOGRAPHICS/6;direction=next,udff[em],Email
https://studentaid.gov/fafsa-app/CYCLE2223_APPLICATION/PARENTS_DEMOGRAPHICS/6;direction=next,udff[fn],First Name
https://studentaid.gov/fafsa-app/CYCLE2223_APPLICATION/PARENTS_DEMOGRAPHICS/6;direction=next,udff[ln],Last Name
https://studentaid.gov/fafsa-app/CYCLE2223_APPLICATION/PARENTS_DEMOGRAPHICS/6;direction=next,udff[ph],Phone Number
https://studentaid.gov/fafsa-app/CYCLE2223_APPLICATION/PARENTS_DEMOGRAPHICS/6;direction=next,udff[st],State
https://studentaid.gov/fafsa-app/CYCLE2223_APPLICATION/PARENTS_DEMOGRAPHICS/6;direction=next,udff[zp],Zip Code
https://studentaid.gov/fafsa-app/CYCLE2223_APPLICATION/PARENTS_DEMOGRAPHICS/7;direction=next,udff[ct],Country
https://studentaid.gov/fafsa-app/CYCLE2223_APPLICATION/PARENTS_DEMOGRAPHICS/7;direction=next,udff[em],Email
https://studentaid.gov/fafsa-app/CYCLE2223_APPLICATION/PARENTS_DEMOGRAPHICS/7;direction=next,udff[fn],First Name
https://studentaid.gov/fafsa-app/CYCLE2223_APPLICATION/PARENTS_DEMOGRAPHICS/7;direction=next,udff[ln],Last Name
https://studentaid.gov/fafsa-app/CYCLE2223_APPLICATION/PARENTS_DEMOGRAPHICS/7;direction=next,udff[ph],Phone Number
https://studentaid.gov/fafsa-app/CYCLE2223_APPLICATION/PARENTS_DEMOGRAPHICS/7;direction=next,udff[st],State
https://studentaid.gov/fafsa-app/CYCLE2223_APPLICATION/PARENTS_DEMOGRAPHICS/7;direction=next,udff[zp],Zip Code
https://studentaid.gov/fafsa-app/CYCLE2223_APPLICATION/PARENTS_FINANCES/1;direction=next,udff[ct],Country
https://studentaid.gov/fafsa-app/CYCLE2223_APPLICATION/PARENTS_FINANCES/1;direction=next,udff[em],Email
https://studentaid.gov/fafsa-app/CYCLE2223_APPLICATION/PARENTS_FINANCES/1;direction=next,udff[fn],First Name
https://studentaid.gov/fafsa-app/CYCLE2223_APPLICATION/PARENTS_FINANCES/1;direction=next,udff[ln],Last Name
https://studentaid.gov/fafsa-app/CYCLE2223_APPLICATION/PARENTS_FINANCES/1;direction=next,udff[ph],Phone Number
https://studentaid.gov/fafsa-app/CYCLE2223_APPLICATION/PARENTS_FINANCES/1;direction=next,udff[st],State
https://studentaid.gov/fafsa-app/CYCLE2223_APPLICATION/PARENTS_FINANCES/1;direction=next,udff[zp],Zip Code
https://studentaid.gov/fafsa-app/CYCLE2223_APPLICATION/PARENTS_FINANCES/10;direction=next,udff[fn],First Name
https://studentaid.gov/fafsa-app/CYCLE2223_APPLICATION/PARENTS_FINANCES/10;direction=next,udff[ln],Last Name
https://studentaid.gov/fafsa-app/CYCLE2223_APPLICATION/PARENTS_FINANCES/11;direction=next,udff[fn],First Name
https://studentaid.gov/fafsa-app/CYCLE2223_APPLICATION/PARENTS_FINANCES/11;direction=next,udff[ln],Last Name
https://studentaid.gov/fafsa-app/CYCLE2223_APPLICATION/PARENTS_FINANCES/12;direction=next,udff[fn],First Name
https://studentaid.gov/fafsa-app/CYCLE2223_APPLICATION/PARENTS_FINANCES/12;direction=next,udff[ln],Last Name
https://studentaid.gov/fafsa-app/CYCLE2223_APPLICATION/PARENTS_FINANCES/13;direction=next,udff[fn],First Name
https://studentaid.gov/fafsa-app/CYCLE2223_APPLICATION/PARENTS_FINANCES/13;direction=next,udff[ln],Last Name
https://studentaid.gov/fafsa-app/CYCLE2223_APPLICATION/PARENTS_FINANCES/13;direction=next,udff[fn],First Name
https://studentaid.gov/fafsa-app/CYCLE2223_APPLICATION/PARENTS_FINANCES/13;direction=next,udff[ln],Last Name
https://studentaid.gov/fafsa-app/CYCLE2223_APPLICATION/PARENTS_FINANCES/13;direction=next,udff[fn],First Name
https://studentaid.gov/fafsa-app/CYCLE2223_APPLICATION/PARENTS_FINANCES/13;direction=next,udff[ln],Last Name
https://studentaid.gov/fafsa-app/CYCLE2223_APPLICATION/PARENTS_FINANCES/13;direction=next,udff[fn],First Name
https://studentaid.gov/fafsa-app/CYCLE2223_APPLICATION/PARENTS_FINANCES/13;direction=next,udff[ln],Last Name
https://studentaid.gov/fafsa-app/CYCLE2223_APPLICATION/PARENTS_FINANCES/13;direction=next,udff[fn],First Name
https://studentaid.gov/fafsa-app/CYCLE2223_APPLICATION/PARENTS_FINANCES/13;direction=next,udff[ln],Last Name
https://studentaid.gov/fafsa-app/CYCLE2223_APPLICATION/PARENTS_FINANCES/13;direction=next,udff[fn],First Name
https://studentaid.gov/fafsa-app/CYCLE2223_APPLICATION/PARENTS_FINANCES/13;direction=next,udff[ln],Last Name
https://studentaid.gov/fafsa-app/CYCLE2223_APPLICATION/PARENTS_FINANCES/3;direction=next,udff[ct],Country
https://studentaid.gov/fafsa-app/CYCLE2223_APPLICATION/PARENTS_FINANCES/3;direction=next,udff[em],Email
https://studentaid.gov/fafsa-app/CYCLE2223_APPLICATION/PARENTS_FINANCES/3;direction=next,udff[fn],First Name
https://studentaid.gov/fafsa-app/CYCLE2223_APPLICATION/PARENTS_FINANCES/3;direction=next,udff[ln],Last Name
https://studentaid.gov/fafsa-app/CYCLE2223_APPLICATION/PARENTS_FINANCES/3;direction=next,udff[ph],Phone Number
https://studentaid.gov/fafsa-app/CYCLE2223_APPLICATION/PARENTS_FINANCES/3;direction=next,udff[st],State
https://studentaid.gov/fafsa-app/CYCLE2223_APPLICATION/PARENTS_FINANCES/3;direction=next,udff[zp],Zip Code
https://studentaid.gov/fafsa-app/CYCLE2223_APPLICATION/PARENTS_FINANCES/4;direction=linkToIrs,udff[ct],Country
https://studentaid.gov/fafsa-app/CYCLE2223_APPLICATION/PARENTS_FINANCES/4;direction=linkToIrs,udff[em],Email
https://studentaid.gov/fafsa-app/CYCLE2223_APPLICATION/PARENTS_FINANCES/4;direction=linkToIrs,udff[fn],First Name
https://studentaid.gov/fafsa-app/CYCLE2223_APPLICATION/PARENTS_FINANCES/4;direction=linkToIrs,udff[ln],Last Name
https://studentaid.gov/fafsa-app/CYCLE2223_APPLICATION/PARENTS_FINANCES/4;direction=linkToIrs,udff[ph],Phone Number
https://studentaid.gov/fafsa-app/CYCLE2223_APPLICATION/PARENTS_FINANCES/4;direction=linkToIrs,udff[st],State
https://studentaid.gov/fafsa-app/CYCLE2223_APPLICATION/PARENTS_FINANCES/4;direction=linkToIrs,udff[zp],Zip Code
https://studentaid.gov/fafsa-app/CYCLE2223_APPLICATION/PARENTS_FINANCES/4;direction=linkToIrs,udff[ct],Country
https://studentaid.gov/fafsa-app/CYCLE2223_APPLICATION/PARENTS_FINANCES/4;direction=linkToIrs,udff[em],Email
https://studentaid.gov/fafsa-app/CYCLE2223_APPLICATION/PARENTS_FINANCES/4;direction=linkToIrs,udff[fn],First Name
https://studentaid.gov/fafsa-app/CYCLE2223_APPLICATION/PARENTS_FINANCES/4;direction=linkToIrs,udff[ln],Last Name
https://studentaid.gov/fafsa-app/CYCLE2223_APPLICATION/PARENTS_FINANCES/4;direction=linkToIrs,udff[ph],Phone Number
https://studentaid.gov/fafsa-app/CYCLE2223_APPLICATION/PARENTS_FINANCES/4;direction=linkToIrs,udff[st],State
https://studentaid.gov/fafsa-app/CYCLE2223_APPLICATION/PARENTS_FINANCES/4;direction=linkToIrs,udff[zp],Zip Code
https://studentaid.gov/fafsa-app/CYCLE2223_APPLICATION/PARENTS_FINANCES/6;direction=restore,udff[fn],First Name
https://studentaid.gov/fafsa-app/CYCLE2223_APPLICATION/PARENTS_FINANCES/6;direction=restore,udff[ln],Last Name
https://studentaid.gov/fafsa-app/CYCLE2223_APPLICATION/PARENTS_FINANCES/9;direction=next,udff[fn],First Name
https://studentaid.gov/fafsa-app/CYCLE2223_APPLICATION/PARENTS_FINANCES/9;direction=next,udff[ln],Last Name
https://studentaid.gov/fafsa-app/CYCLE2223_APPLICATION/SCHOOL_SELECTION/1/HIGH_SCHOOL_CONFIRM;direction=next,udff[ct],Country
https://studentaid.gov/fafsa-app/CYCLE2223_APPLICATION/SCHOOL_SELECTION/1/HIGH_SCHOOL_CONFIRM;direction=next,udff[em],Email
https://studentaid.gov/fafsa-app/CYCLE2223_APPLICATION/SCHOOL_SELECTION/1/HIGH_SCHOOL_CONFIRM;direction=next,udff[fn],First Name
https://studentaid.gov/fafsa-app/CYCLE2223_APPLICATION/SCHOOL_SELECTION/1/HIGH_SCHOOL_CONFIRM;direction=next,udff[ln],Last Name
https://studentaid.gov/fafsa-app/CYCLE2223_APPLICATION/SCHOOL_SELECTION/1/HIGH_SCHOOL_CONFIRM;direction=next,udff[ph],Phone Number
https://studentaid.gov/fafsa-app/CYCLE2223_APPLICATION/SCHOOL_SELECTION/1/HIGH_SCHOOL_CONFIRM;direction=next,udff[st],State
https://studentaid.gov/fafsa-app/CYCLE2223_APPLICATION/SCHOOL_SELECTION/1/HIGH_SCHOOL_CONFIRM;direction=next,udff[zp],Zip Code
https://studentaid.gov/fafsa-app/CYCLE2223_APPLICATION/SCHOOL_SELECTION/2;direction=next,udff[ct],Country
https://studentaid.gov/fafsa-app/CYCLE2223_APPLICATION/SCHOOL_SELECTION/2;direction=next,udff[em],Email
https://studentaid.gov/fafsa-app/CYCLE2223_APPLICATION/SCHOOL_SELECTION/2;direction=next,udff[fn],First Name
https://studentaid.gov/fafsa-app/CYCLE2223_APPLICATION/SCHOOL_SELECTION/2;direction=next,udff[ln],Last Name
https://studentaid.gov/fafsa-app/CYCLE2223_APPLICATION/SCHOOL_SELECTION/2;direction=next,udff[ph],Phone Number
https://studentaid.gov/fafsa-app/CYCLE2223_APPLICATION/SCHOOL_SELECTION/2;direction=next,udff[st],State
https://studentaid.gov/fafsa-app/CYCLE2223_APPLICATION/SCHOOL_SELECTION/2;direction=next,udff[zp],Zip Code
https://studentaid.gov/fafsa-app/CYCLE2223_APPLICATION/SCHOOL_SELECTION/2;direction=next,udff[ct],Country
https://studentaid.gov/fafsa-app/CYCLE2223_APPLICATION/SCHOOL_SELECTION/2;direction=next,udff[em],Email
https://studentaid.gov/fafsa-app/CYCLE2223_APPLICATION/SCHOOL_SELECTION/2;direction=next,udff[fn],First Name
https://studentaid.gov/fafsa-app/CYCLE2223_APPLICATION/SCHOOL_SELECTION/2;direction=next,udff[ln],Last Name
https://studentaid.gov/fafsa-app/CYCLE2223_APPLICATION/SCHOOL_SELECTION/2;direction=next,udff[ph],Phone Number
https://studentaid.gov/fafsa-app/CYCLE2223_APPLICATION/SCHOOL_SELECTION/2;direction=next,udff[st],State
https://studentaid.gov/fafsa-app/CYCLE2223_APPLICATION/SCHOOL_SELECTION/2;direction=next,udff[zp],Zip Code
https://studentaid.gov/fafsa-app/CYCLE2223_APPLICATION/SCHOOL_SELECTION/2;direction=next,udff[ct],Country
https://studentaid.gov/fafsa-app/CYCLE2223_APPLICATION/SCHOOL_SELECTION/2;direction=next,udff[em],Email
https://studentaid.gov/fafsa-app/CYCLE2223_APPLICATION/SCHOOL_SELECTION/2;direction=next,udff[fn],First Name
https://studentaid.gov/fafsa-app/CYCLE2223_APPLICATION/SCHOOL_SELECTION/2;direction=next,udff[ln],Last Name
https://studentaid.gov/fafsa-app/CYCLE2223_APPLICATION/SCHOOL_SELECTION/2;direction=next,udff[ph],Phone Number
https://studentaid.gov/fafsa-app/CYCLE2223_APPLICATION/SCHOOL_SELECTION/2;direction=next,udff[st],State
https://studentaid.gov/fafsa-app/CYCLE2223_APPLICATION/SCHOOL_SELECTION/2;direction=next,udff[zp],Zip Code
https://studentaid.gov/fafsa-app/CYCLE2223_APPLICATION/SCHOOL_SELECTION/2;direction=next,udff[ct],Country
https://studentaid.gov/fafsa-app/CYCLE2223_APPLICATION/SCHOOL_SELECTION/2;direction=next,udff[em],Email
https://studentaid.gov/fafsa-app/CYCLE2223_APPLICATION/SCHOOL_SELECTION/2;direction=next,udff[fn],First Name
https://studentaid.gov/fafsa-app/CYCLE2223_APPLICATION/SCHOOL_SELECTION/2;direction=next,udff[ln],Last Name
https://studentaid.gov/fafsa-app/CYCLE2223_APPLICATION/SCHOOL_SELECTION/2;direction=next,udff[ph],Phone Number
https://studentaid.gov/fafsa-app/CYCLE2223_APPLICATION/SCHOOL_SELECTION/2;direction=next,udff[st],State
https://studentaid.gov/fafsa-app/CYCLE2223_APPLICATION/SCHOOL_SELECTION/2;direction=next,udff[zp],Zip Code
https://studentaid.gov/fafsa-app/CYCLE2223_APPLICATION/SCHOOL_SELECTION/2;direction=next,udff[ct],Country
https://studentaid.gov/fafsa-app/CYCLE2223_APPLICATION/SCHOOL_SELECTION/2;direction=next,udff[em],Email
https://studentaid.gov/fafsa-app/CYCLE2223_APPLICATION/SCHOOL_SELECTION/2;direction=next,udff[fn],First Name
https://studentaid.gov/fafsa-app/CYCLE2223_APPLICATION/SCHOOL_SELECTION/2;direction=next,udff[ln],Last Name
https://studentaid.gov/fafsa-app/CYCLE2223_APPLICATION/SCHOOL_SELECTION/2;direction=next,udff[ph],Phone Number
https://studentaid.gov/fafsa-app/CYCLE2223_APPLICATION/SCHOOL_SELECTION/2;direction=next,udff[st],State
https://studentaid.gov/fafsa-app/CYCLE2223_APPLICATION/SCHOOL_SELECTION/2;direction=next,udff[zp],Zip Code
https://studentaid.gov/fafsa-app/CYCLE2223_APPLICATION/SCHOOL_SELECTION/2/SCHOOL_SUMMARY;direction=next,udff[ct],Country
https://studentaid.gov/fafsa-app/CYCLE2223_APPLICATION/SCHOOL_SELECTION/2/SCHOOL_SUMMARY;direction=next,udff[em],Email
https://studentaid.gov/fafsa-app/CYCLE2223_APPLICATION/SCHOOL_SELECTION/2/SCHOOL_SUMMARY;direction=next,udff[fn],First Name
https://studentaid.gov/fafsa-app/CYCLE2223_APPLICATION/SCHOOL_SELECTION/2/SCHOOL_SUMMARY;direction=next,udff[ln],Last Name
https://studentaid.gov/fafsa-app/CYCLE2223_APPLICATION/SCHOOL_SELECTION/2/SCHOOL_SUMMARY;direction=next,udff[ph],Phone Number
https://studentaid.gov/fafsa-app/CYCLE2223_APPLICATION/SCHOOL_SELECTION/2/SCHOOL_SUMMARY;direction=next,udff[st],State
https://studentaid.gov/fafsa-app/CYCLE2223_APPLICATION/SCHOOL_SELECTION/2/SCHOOL_SUMMARY;direction=next,udff[zp],Zip Code
https://studentaid.gov/fafsa-app/CYCLE2223_APPLICATION/SCHOOL_SELECTION/2/SCHOOL_SUMMARY;direction=next,udff[ct],Country
https://studentaid.gov/fafsa-app/CYCLE2223_APPLICATION/SCHOOL_SELECTION/2/SCHOOL_SUMMARY;direction=next,udff[em],Email
https://studentaid.gov/fafsa-app/CYCLE2223_APPLICATION/SCHOOL_SELECTION/2/SCHOOL_SUMMARY;direction=next,udff[fn],First Name
https://studentaid.gov/fafsa-app/CYCLE2223_APPLICATION/SCHOOL_SELECTION/2/SCHOOL_SUMMARY;direction=next,udff[ln],Last Name
https://studentaid.gov/fafsa-app/CYCLE2223_APPLICATION/SCHOOL_SELECTION/2/SCHOOL_SUMMARY;direction=next,udff[ph],Phone Number
https://studentaid.gov/fafsa-app/CYCLE2223_APPLICATION/SCHOOL_SELECTION/2/SCHOOL_SUMMARY;direction=next,udff[st],State
https://studentaid.gov/fafsa-app/CYCLE2223_APPLICATION/SCHOOL_SELECTION/2/SCHOOL_SUMMARY;direction=next,udff[zp],Zip Code
https://studentaid.gov/fafsa-app/CYCLE2223_APPLICATION/SIGN_SUBMIT/2,udff[ct],Country
https://studentaid.gov/fafsa-app/CYCLE2223_APPLICATION/SIGN_SUBMIT/2,udff[em],Email
https://studentaid.gov/fafsa-app/CYCLE2223_APPLICATION/SIGN_SUBMIT/2,udff[fn],First Name
https://studentaid.gov/fafsa-app/CYCLE2223_APPLICATION/SIGN_SUBMIT/2,udff[ln],Last Name
https://studentaid.gov/fafsa-app/CYCLE2223_APPLICATION/SIGN_SUBMIT/2,udff[ph],Phone Number
https://studentaid.gov/fafsa-app/CYCLE2223_APPLICATION/SIGN_SUBMIT/2,udff[st],State
https://studentaid.gov/fafsa-app/CYCLE2223_APPLICATION/SIGN_SUBMIT/2,udff[zp],Zip Code
https://studentaid.gov/fafsa-app/CYCLE2223_APPLICATION/SIGN_SUBMIT/2,udff[ct],Country
https://studentaid.gov/fafsa-app/CYCLE2223_APPLICATION/SIGN_SUBMIT/2,udff[em],Email
https://studentaid.gov/fafsa-app/CYCLE2223_APPLICATION/SIGN_SUBMIT/2,udff[fn],First Name
https://studentaid.gov/fafsa-app/CYCLE2223_APPLICATION/SIGN_SUBMIT/2,udff[ln],Last Name
https://studentaid.gov/fafsa-app/CYCLE2223_APPLICATION/SIGN_SUBMIT/2,udff[ph],Phone Number
https://studentaid.gov/fafsa-app/CYCLE2223_APPLICATION/SIGN_SUBMIT/2,udff[st],State
https://studentaid.gov/fafsa-app/CYCLE2223_APPLICATION/SIGN_SUBMIT/2,udff[zp],Zip Code
https://studentaid.gov/fafsa-app/CYCLE2223_APPLICATION/SIGN_SUBMIT/2,udff[ct],Country
https://studentaid.gov/fafsa-app/CYCLE2223_APPLICATION/SIGN_SUBMIT/2,udff[em],Email
https://studentaid.gov/fafsa-app/CYCLE2223_APPLICATION/SIGN_SUBMIT/2,udff[fn],First Name
https://studentaid.gov/fafsa-app/CYCLE2223_APPLICATION/SIGN_SUBMIT/2,udff[ln],Last Name
https://studentaid.gov/fafsa-app/CYCLE2223_APPLICATION/SIGN_SUBMIT/2,udff[ph],Phone Number
https://studentaid.gov/fafsa-app/CYCLE2223_APPLICATION/SIGN_SUBMIT/2,udff[st],State
https://studentaid.gov/fafsa-app/CYCLE2223_APPLICATION/SIGN_SUBMIT/2,udff[zp],Zip Code
https://studentaid.gov/fafsa-app/CYCLE2223_APPLICATION/SIGN_SUBMIT/2,udff[fn],First Name
https://studentaid.gov/fafsa-app/CYCLE2223_APPLICATION/SIGN_SUBMIT/2,udff[ln],Last Name
https://studentaid.gov/fafsa-app/CYCLE2223_APPLICATION/SIGN_SUBMIT/2,udff[ct],Country
https://studentaid.gov/fafsa-app/CYCLE2223_APPLICATION/SIGN_SUBMIT/2,udff[em],Email
https://studentaid.gov/fafsa-app/CYCLE2223_APPLICATION/SIGN_SUBMIT/2,udff[fn],First Name
https://studentaid.gov/fafsa-app/CYCLE2223_APPLICATION/SIGN_SUBMIT/2,udff[ln],Last Name
https://studentaid.gov/fafsa-app/CYCLE2223_APPLICATION/SIGN_SUBMIT/2,udff[ph],Phone Number
https://studentaid.gov/fafsa-app/CYCLE2223_APPLICATION/SIGN_SUBMIT/2,udff[st],State
https://studentaid.gov/fafsa-app/CYCLE2223_APPLICATION/SIGN_SUBMIT/2,udff[zp],Zip Code
https://studentaid.gov/fafsa-app/CYCLE2223_APPLICATION/SIGN_SUBMIT/7;direction=next,udff[fn],First Name
https://studentaid.gov/fafsa-app/CYCLE2223_APPLICATION/SIGN_SUBMIT/7;direction=next,udff[ln],Last Name
https://studentaid.gov/fafsa-app/CYCLE2223_APPLICATION/SIGN_SUBMIT/8;direction=next,udff[fn],First Name
https://studentaid.gov/fafsa-app/CYCLE2223_APPLICATION/SIGN_SUBMIT/8;direction=next,udff[ln],Last Name
https://studentaid.gov/fafsa-app/CYCLE2223_APPLICATION/SIGN_SUBMIT/8;direction=next,udff[fn],First Name
https://studentaid.gov/fafsa-app/CYCLE2223_APPLICATION/SIGN_SUBMIT/8;direction=next,udff[ln],Last Name
https://studentaid.gov/fafsa-app/CYCLE2223_APPLICATION/STUDENT_DEMOGRAPHICS/1;direction=next,udff[fn],First Name
https://studentaid.gov/fafsa-app/CYCLE2223_APPLICATION/STUDENT_DEMOGRAPHICS/1;direction=next,udff[ln],Last Name
https://studentaid.gov/fafsa-app/CYCLE2223_APPLICATION/STUDENT_DEMOGRAPHICS/1;direction=next,udff[fn],First Name
https://studentaid.gov/fafsa-app/CYCLE2223_APPLICATION/STUDENT_DEMOGRAPHICS/1;direction=next,udff[ln],Last Name
https://studentaid.gov/fafsa-app/CYCLE2223_APPLICATION/STUDENT_DEMOGRAPHICS/2;direction=next,udff[em],Email
https://studentaid.gov/fafsa-app/CYCLE2223_APPLICATION/STUDENT_DEMOGRAPHICS/2;direction=next,udff[fn],First Name
https://studentaid.gov/fafsa-app/CYCLE2223_APPLICATION/STUDENT_DEMOGRAPHICS/2;direction=next,udff[ln],Last Name
https://studentaid.gov/fafsa-app/CYCLE2223_APPLICATION/STUDENT_DEMOGRAPHICS/2;direction=next,udff[ph],Phone Number
https://studentaid.gov/fafsa-app/CYCLE2223_APPLICATION/STUDENT_DEMOGRAPHICS/2;direction=next,udff[em],Email
https://studentaid.gov/fafsa-app/CYCLE2223_APPLICATION/STUDENT_DEMOGRAPHICS/2;direction=next,udff[fn],First Name
https://studentaid.gov/fafsa-app/CYCLE2223_APPLICATION/STUDENT_DEMOGRAPHICS/2;direction=next,udff[ln],Last Name
https://studentaid.gov/fafsa-app/CYCLE2223_APPLICATION/STUDENT_DEMOGRAPHICS/2;direction=next,udff[ph],Phone Number
https://studentaid.gov/fafsa-app/CYCLE2223_APPLICATION/STUDENT_DEMOGRAPHICS/3;direction=next,udff[ct],Country
https://studentaid.gov/fafsa-app/CYCLE2223_APPLICATION/STUDENT_DEMOGRAPHICS/3;direction=next,udff[em],Email
https://studentaid.gov/fafsa-app/CYCLE2223_APPLICATION/STUDENT_DEMOGRAPHICS/3;direction=next,udff[fn],First Name
https://studentaid.gov/fafsa-app/CYCLE2223_APPLICATION/STUDENT_DEMOGRAPHICS/3;direction=next,udff[ln],Last Name
https://studentaid.gov/fafsa-app/CYCLE2223_APPLICATION/STUDENT_DEMOGRAPHICS/3;direction=next,udff[ph],Phone Number
https://studentaid.gov/fafsa-app/CYCLE2223_APPLICATION/STUDENT_DEMOGRAPHICS/3;direction=next,udff[zp],Zip Code
https://studentaid.gov/fafsa-app/CYCLE2223_APPLICATION/STUDENT_DEMOGRAPHICS/3;direction=next,udff[ct],Country
https://studentaid.gov/fafsa-app/CYCLE2223_APPLICATION/STUDENT_DEMOGRAPHICS/3;direction=next,udff[em],Email
https://studentaid.gov/fafsa-app/CYCLE2223_APPLICATION/STUDENT_DEMOGRAPHICS/3;direction=next,udff[fn],First Name
https://studentaid.gov/fafsa-app/CYCLE2223_APPLICATION/STUDENT_DEMOGRAPHICS/3;direction=next,udff[ln],Last Name
https://studentaid.gov/fafsa-app/CYCLE2223_APPLICATION/STUDENT_DEMOGRAPHICS/3;direction=next,udff[ph],Phone Number
https://studentaid.gov/fafsa-app/CYCLE2223_APPLICATION/STUDENT_DEMOGRAPHICS/3;direction=next,udff[zp],Zip Code
https://studentaid.gov/fafsa-app/CYCLE2223_APPLICATION/STUDENT_DEMOGRAPHICS/4;direction=next,udff[ct],Country
https://studentaid.gov/fafsa-app/CYCLE2223_APPLICATION/STUDENT_DEMOGRAPHICS/4;direction=next,udff[em],Email
https://studentaid.gov/fafsa-app/CYCLE2223_APPLICATION/STUDENT_DEMOGRAPHICS/4;direction=next,udff[fn],First Name
https://studentaid.gov/fafsa-app/CYCLE2223_APPLICATION/STUDENT_DEMOGRAPHICS/4;direction=next,udff[ln],Last Name
https://studentaid.gov/fafsa-app/CYCLE2223_APPLICATION/STUDENT_DEMOGRAPHICS/4;direction=next,udff[ph],Phone Number
https://studentaid.gov/fafsa-app/CYCLE2223_APPLICATION/STUDENT_DEMOGRAPHICS/4;direction=next,udff[st],State
https://studentaid.gov/fafsa-app/CYCLE2223_APPLICATION/STUDENT_DEMOGRAPHICS/4;direction=next,udff[zp],Zip Code
https://studentaid.gov/fafsa-app/CYCLE2223_APPLICATION/STUDENT_DEMOGRAPHICS/4;direction=next,udff[ct],Country
https://studentaid.gov/fafsa-app/CYCLE2223_APPLICATION/STUDENT_DEMOGRAPHICS/4;direction=next,udff[em],Email
https://studentaid.gov/fafsa-app/CYCLE2223_APPLICATION/STUDENT_DEMOGRAPHICS/4;direction=next,udff[fn],First Name
https://studentaid.gov/fafsa-app/CYCLE2223_APPLICATION/STUDENT_DEMOGRAPHICS/4;direction=next,udff[ln],Last Name
https://studentaid.gov/fafsa-app/CYCLE2223_APPLICATION/STUDENT_DEMOGRAPHICS/4;direction=next,udff[ph],Phone Number
https://studentaid.gov/fafsa-app/CYCLE2223_APPLICATION/STUDENT_DEMOGRAPHICS/4;direction=next,udff[st],State
https://studentaid.gov/fafsa-app/CYCLE2223_APPLICATION/STUDENT_DEMOGRAPHICS/4;direction=next,udff[zp],Zip Code
https://studentaid.gov/fafsa-app/CYCLE2223_APPLICATION/STUDENT_DEMOGRAPHICS/5;direction=next,udff[ct],Country
https://studentaid.gov/fafsa-app/CYCLE2223_APPLICATION/STUDENT_DEMOGRAPHICS/5;direction=next,udff[em],Email
https://studentaid.gov/fafsa-app/CYCLE2223_APPLICATION/STUDENT_DEMOGRAPHICS/5;direction=next,udff[fn],First Name
https://studentaid.gov/fafsa-app/CYCLE2223_APPLICATION/STUDENT_DEMOGRAPHICS/5;direction=next,udff[ln],Last Name
https://studentaid.gov/fafsa-app/CYCLE2223_APPLICATION/STUDENT_DEMOGRAPHICS/5;direction=next,udff[ph],Phone Number
https://studentaid.gov/fafsa-app/CYCLE2223_APPLICATION/STUDENT_DEMOGRAPHICS/5;direction=next,udff[st],State
https://studentaid.gov/fafsa-app/CYCLE2223_APPLICATION/STUDENT_DEMOGRAPHICS/5;direction=next,udff[zp],Zip Code
https://studentaid.gov/fafsa-app/CYCLE2223_APPLICATION/STUDENT_DEMOGRAPHICS/5;direction=next,udff[ct],Country
https://studentaid.gov/fafsa-app/CYCLE2223_APPLICATION/STUDENT_DEMOGRAPHICS/5;direction=next,udff[em],Email
https://studentaid.gov/fafsa-app/CYCLE2223_APPLICATION/STUDENT_DEMOGRAPHICS/5;direction=next,udff[fn],First Name
https://studentaid.gov/fafsa-app/CYCLE2223_APPLICATION/STUDENT_DEMOGRAPHICS/5;direction=next,udff[ln],Last Name
https://studentaid.gov/fafsa-app/CYCLE2223_APPLICATION/STUDENT_DEMOGRAPHICS/5;direction=next,udff[ph],Phone Number
https://studentaid.gov/fafsa-app/CYCLE2223_APPLICATION/STUDENT_DEMOGRAPHICS/5;direction=next,udff[st],State
https://studentaid.gov/fafsa-app/CYCLE2223_APPLICATION/STUDENT_DEMOGRAPHICS/5;direction=next,udff[zp],Zip Code
https://studentaid.gov/fafsa-app/CYCLE2223_APPLICATION/STUDENT_DEMOGRAPHICS/5;direction=next,udff[ct],Country
https://studentaid.gov/fafsa-app/CYCLE2223_APPLICATION/STUDENT_DEMOGRAPHICS/5;direction=next,udff[em],Email
https://studentaid.gov/fafsa-app/CYCLE2223_APPLICATION/STUDENT_DEMOGRAPHICS/5;direction=next,udff[fn],First Name
https://studentaid.gov/fafsa-app/CYCLE2223_APPLICATION/STUDENT_DEMOGRAPHICS/5;direction=next,udff[ln],Last Name
https://studentaid.gov/fafsa-app/CYCLE2223_APPLICATION/STUDENT_DEMOGRAPHICS/5;direction=next,udff[ph],Phone Number
https://studentaid.gov/fafsa-app/CYCLE2223_APPLICATION/STUDENT_DEMOGRAPHICS/5;direction=next,udff[st],State
https://studentaid.gov/fafsa-app/CYCLE2223_APPLICATION/STUDENT_DEMOGRAPHICS/5;direction=next,udff[zp],Zip Code
https://studentaid.gov/fafsa-app/CYCLE2223_APPLICATION/STUDENT_DEMOGRAPHICS/6;direction=next,udff[ct],Country
https://studentaid.gov/fafsa-app/CYCLE2223_APPLICATION/STUDENT_DEMOGRAPHICS/6;direction=next,udff[em],Email
https://studentaid.gov/fafsa-app/CYCLE2223_APPLICATION/STUDENT_DEMOGRAPHICS/6;direction=next,udff[fn],First Name
https://studentaid.gov/fafsa-app/CYCLE2223_APPLICATION/STUDENT_DEMOGRAPHICS/6;direction=next,udff[ln],Last Name
https://studentaid.gov/fafsa-app/CYCLE2223_APPLICATION/STUDENT_DEMOGRAPHICS/6;direction=next,udff[ph],Phone Number
https://studentaid.gov/fafsa-app/CYCLE2223_APPLICATION/STUDENT_DEMOGRAPHICS/6;direction=next,udff[st],State
https://studentaid.gov/fafsa-app/CYCLE2223_APPLICATION/STUDENT_DEMOGRAPHICS/6;direction=next,udff[zp],Zip Code
https://studentaid.gov/fafsa-app/CYCLE2223_APPLICATION/STUDENT_DEMOGRAPHICS/6;direction=next,udff[ct],Country
https://studentaid.gov/fafsa-app/CYCLE2223_APPLICATION/STUDENT_DEMOGRAPHICS/6;direction=next,udff[em],Email
https://studentaid.gov/fafsa-app/CYCLE2223_APPLICATION/STUDENT_DEMOGRAPHICS/6;direction=next,udff[fn],First Name
https://studentaid.gov/fafsa-app/CYCLE2223_APPLICATION/STUDENT_DEMOGRAPHICS/6;direction=next,udff[ln],Last Name
https://studentaid.gov/fafsa-app/CYCLE2223_APPLICATION/STUDENT_DEMOGRAPHICS/6;direction=next,udff[ph],Phone Number
https://studentaid.gov/fafsa-app/CYCLE2223_APPLICATION/STUDENT_DEMOGRAPHICS/6;direction=next,udff[st],State
https://studentaid.gov/fafsa-app/CYCLE2223_APPLICATION/STUDENT_DEMOGRAPHICS/6;direction=next,udff[zp],Zip Code
https://studentaid.gov/fafsa-app/CYCLE2223_APPLICATION/STUDENT_DEMOGRAPHICS/7;direction=next,udff[ct],Country
https://studentaid.gov/fafsa-app/CYCLE2223_APPLICATION/STUDENT_DEMOGRAPHICS/7;direction=next,udff[em],Email
https://studentaid.gov/fafsa-app/CYCLE2223_APPLICATION/STUDENT_DEMOGRAPHICS/7;direction=next,udff[fn],First Name
https://studentaid.gov/fafsa-app/CYCLE2223_APPLICATION/STUDENT_DEMOGRAPHICS/7;direction=next,udff[ln],Last Name
https://studentaid.gov/fafsa-app/CYCLE2223_APPLICATION/STUDENT_DEMOGRAPHICS/7;direction=next,udff[ph],Phone Number
https://studentaid.gov/fafsa-app/CYCLE2223_APPLICATION/STUDENT_DEMOGRAPHICS/7;direction=next,udff[st],State
https://studentaid.gov/fafsa-app/CYCLE2223_APPLICATION/STUDENT_DEMOGRAPHICS/7;direction=next,udff[zp],Zip Code
https://studentaid.gov/fafsa-app/CYCLE2223_APPLICATION/STUDENT_DEMOGRAPHICS/7;direction=next,udff[ct],Country
https://studentaid.gov/fafsa-app/CYCLE2223_APPLICATION/STUDENT_DEMOGRAPHICS/7;direction=next,udff[em],Email
https://studentaid.gov/fafsa-app/CYCLE2223_APPLICATION/STUDENT_DEMOGRAPHICS/7;direction=next,udff[fn],First Name
https://studentaid.gov/fafsa-app/CYCLE2223_APPLICATION/STUDENT_DEMOGRAPHICS/7;direction=next,udff[ln],Last Name
https://studentaid.gov/fafsa-app/CYCLE2223_APPLICATION/STUDENT_DEMOGRAPHICS/7;direction=next,udff[ph],Phone Number
https://studentaid.gov/fafsa-app/CYCLE2223_APPLICATION/STUDENT_DEMOGRAPHICS/7;direction=next,udff[st],State
https://studentaid.gov/fafsa-app/CYCLE2223_APPLICATION/STUDENT_DEMOGRAPHICS/7;direction=next,udff[zp],Zip Code
https://studentaid.gov/fafsa-app/CYCLE2223_APPLICATION/STUDENT_DEMOGRAPHICS/8;direction=next,udff[ct],Country
https://studentaid.gov/fafsa-app/CYCLE2223_APPLICATION/STUDENT_DEMOGRAPHICS/8;direction=next,udff[em],Email
https://studentaid.gov/fafsa-app/CYCLE2223_APPLICATION/STUDENT_DEMOGRAPHICS/8;direction=next,udff[fn],First Name
https://studentaid.gov/fafsa-app/CYCLE2223_APPLICATION/STUDENT_DEMOGRAPHICS/8;direction=next,udff[ln],Last Name
https://studentaid.gov/fafsa-app/CYCLE2223_APPLICATION/STUDENT_DEMOGRAPHICS/8;direction=next,udff[ph],Phone Number
https://studentaid.gov/fafsa-app/CYCLE2223_APPLICATION/STUDENT_DEMOGRAPHICS/8;direction=next,udff[st],State
https://studentaid.gov/fafsa-app/CYCLE2223_APPLICATION/STUDENT_DEMOGRAPHICS/8;direction=next,udff[zp],Zip Code
https://studentaid.gov/fafsa-app/CYCLE2223_APPLICATION/STUDENT_DEMOGRAPHICS/8;direction=next,udff[ct],Country
https://studentaid.gov/fafsa-app/CYCLE2223_APPLICATION/STUDENT_DEMOGRAPHICS/8;direction=next,udff[em],Email
https://studentaid.gov/fafsa-app/CYCLE2223_APPLICATION/STUDENT_DEMOGRAPHICS/8;direction=next,udff[fn],First Name
https://studentaid.gov/fafsa-app/CYCLE2223_APPLICATION/STUDENT_DEMOGRAPHICS/8;direction=next,udff[ln],Last Name
https://studentaid.gov/fafsa-app/CYCLE2223_APPLICATION/STUDENT_DEMOGRAPHICS/8;direction=next,udff[ph],Phone Number
https://studentaid.gov/fafsa-app/CYCLE2223_APPLICATION/STUDENT_DEMOGRAPHICS/8;direction=next,udff[st],State
https://studentaid.gov/fafsa-app/CYCLE2223_APPLICATION/STUDENT_DEMOGRAPHICS/8;direction=next,udff[zp],Zip Code
https://studentaid.gov/fafsa-app/CYCLE2223_APPLICATION/STUDENT_DEMOGRAPHICS/8;direction=next,udff[ct],Country
https://studentaid.gov/fafsa-app/CYCLE2223_APPLICATION/STUDENT_DEMOGRAPHICS/8;direction=next,udff[em],Email
https://studentaid.gov/fafsa-app/CYCLE2223_APPLICATION/STUDENT_DEMOGRAPHICS/8;direction=next,udff[fn],First Name
https://studentaid.gov/fafsa-app/CYCLE2223_APPLICATION/STUDENT_DEMOGRAPHICS/8;direction=next,udff[ln],Last Name
https://studentaid.gov/fafsa-app/CYCLE2223_APPLICATION/STUDENT_DEMOGRAPHICS/8;direction=next,udff[ph],Phone Number
https://studentaid.gov/fafsa-app/CYCLE2223_APPLICATION/STUDENT_DEMOGRAPHICS/8;direction=next,udff[st],State
https://studentaid.gov/fafsa-app/CYCLE2223_APPLICATION/STUDENT_DEMOGRAPHICS/8;direction=next,udff[zp],Zip Code
https://studentaid.gov/fafsa-app/CYCLE2223_APPLICATION/STUDENT_DEMOGRAPHICS/9;direction=next,udff[ct],Country
https://studentaid.gov/fafsa-app/CYCLE2223_APPLICATION/STUDENT_DEMOGRAPHICS/9;direction=next,udff[em],Email
https://studentaid.gov/fafsa-app/CYCLE2223_APPLICATION/STUDENT_DEMOGRAPHICS/9;direction=next,udff[fn],First Name
https://studentaid.gov/fafsa-app/CYCLE2223_APPLICATION/STUDENT_DEMOGRAPHICS/9;direction=next,udff[ln],Last Name
https://studentaid.gov/fafsa-app/CYCLE2223_APPLICATION/STUDENT_DEMOGRAPHICS/9;direction=next,udff[ph],Phone Number
https://studentaid.gov/fafsa-app/CYCLE2223_APPLICATION/STUDENT_DEMOGRAPHICS/9;direction=next,udff[st],State
https://studentaid.gov/fafsa-app/CYCLE2223_APPLICATION/STUDENT_DEMOGRAPHICS/9;direction=next,udff[zp],Zip Code
https://studentaid.gov/fafsa-app/CYCLE2223_APPLICATION/STUDENT_DEMOGRAPHICS/9;direction=next,udff[ct],Country
https://studentaid.gov/fafsa-app/CYCLE2223_APPLICATION/STUDENT_DEMOGRAPHICS/9;direction=next,udff[em],Email
https://studentaid.gov/fafsa-app/CYCLE2223_APPLICATION/STUDENT_DEMOGRAPHICS/9;direction=next,udff[fn],First Name
https://studentaid.gov/fafsa-app/CYCLE2223_APPLICATION/STUDENT_DEMOGRAPHICS/9;direction=next,udff[ln],Last Name
https://studentaid.gov/fafsa-app/CYCLE2223_APPLICATION/STUDENT_DEMOGRAPHICS/9;direction=next,udff[ph],Phone Number
https://studentaid.gov/fafsa-app/CYCLE2223_APPLICATION/STUDENT_DEMOGRAPHICS/9;direction=next,udff[st],State
https://studentaid.gov/fafsa-app/CYCLE2223_APPLICATION/STUDENT_DEMOGRAPHICS/9;direction=next,udff[zp],Zip Code
https://studentaid.gov/fafsa-app/CYCLE2223_APPLICATION/STUDENT_FINANCES/1;direction=next,udff[fn],First Name
https://studentaid.gov/fafsa-app/CYCLE2223_APPLICATION/STUDENT_FINANCES/1;direction=next,udff[ln],Last Name
https://studentaid.gov/fafsa-app/CYCLE2223_APPLICATION/STUDENT_FINANCES/1;direction=next,udff[ct],Country
https://studentaid.gov/fafsa-app/CYCLE2223_APPLICATION/STUDENT_FINANCES/1;direction=next,udff[em],Email
https://studentaid.gov/fafsa-app/CYCLE2223_APPLICATION/STUDENT_FINANCES/1;direction=next,udff[fn],First Name
https://studentaid.gov/fafsa-app/CYCLE2223_APPLICATION/STUDENT_FINANCES/1;direction=next,udff[ln],Last Name
https://studentaid.gov/fafsa-app/CYCLE2223_APPLICATION/STUDENT_FINANCES/1;direction=next,udff[ph],Phone Number
https://studentaid.gov/fafsa-app/CYCLE2223_APPLICATION/STUDENT_FINANCES/1;direction=next,udff[st],State
https://studentaid.gov/fafsa-app/CYCLE2223_APPLICATION/STUDENT_FINANCES/1;direction=next,udff[zp],Zip Code
https://studentaid.gov/fafsa-app/CYCLE2223_APPLICATION/STUDENT_FINANCES/1;direction=next,udff[ct],Country
https://studentaid.gov/fafsa-app/CYCLE2223_APPLICATION/STUDENT_FINANCES/1;direction=next,udff[em],Email
https://studentaid.gov/fafsa-app/CYCLE2223_APPLICATION/STUDENT_FINANCES/1;direction=next,udff[fn],First Name
https://studentaid.gov/fafsa-app/CYCLE2223_APPLICATION/STUDENT_FINANCES/1;direction=next,udff[ln],Last Name
https://studentaid.gov/fafsa-app/CYCLE2223_APPLICATION/STUDENT_FINANCES/1;direction=next,udff[ph],Phone Number
https://studentaid.gov/fafsa-app/CYCLE2223_APPLICATION/STUDENT_FINANCES/1;direction=next,udff[st],State
https://studentaid.gov/fafsa-app/CYCLE2223_APPLICATION/STUDENT_FINANCES/1;direction=next,udff[zp],Zip Code
https://studentaid.gov/fafsa-app/CYCLE2223_APPLICATION/STUDENT_FINANCES/1;direction=previous,udff[fn],First Name
https://studentaid.gov/fafsa-app/CYCLE2223_APPLICATION/STUDENT_FINANCES/1;direction=previous,udff[ln],Last Name
https://studentaid.gov/fafsa-app/CYCLE2223_APPLICATION/STUDENT_FINANCES/10;direction=next,udff[ct],Country
https://studentaid.gov/fafsa-app/CYCLE2223_APPLICATION/STUDENT_FINANCES/10;direction=next,udff[em],Email
https://studentaid.gov/fafsa-app/CYCLE2223_APPLICATION/STUDENT_FINANCES/10;direction=next,udff[fn],First Name
https://studentaid.gov/fafsa-app/CYCLE2223_APPLICATION/STUDENT_FINANCES/10;direction=next,udff[ln],Last Name
https://studentaid.gov/fafsa-app/CYCLE2223_APPLICATION/STUDENT_FINANCES/10;direction=next,udff[ph],Phone Number
https://studentaid.gov/fafsa-app/CYCLE2223_APPLICATION/STUDENT_FINANCES/10;direction=next,udff[st],State
https://studentaid.gov/fafsa-app/CYCLE2223_APPLICATION/STUDENT_FINANCES/10;direction=next,udff[zp],Zip Code
https://studentaid.gov/fafsa-app/CYCLE2223_APPLICATION/STUDENT_FINANCES/10;direction=next,udff[ct],Country
https://studentaid.gov/fafsa-app/CYCLE2223_APPLICATION/STUDENT_FINANCES/10;direction=next,udff[em],Email
https://studentaid.gov/fafsa-app/CYCLE2223_APPLICATION/STUDENT_FINANCES/10;direction=next,udff[fn],First Name
https://studentaid.gov/fafsa-app/CYCLE2223_APPLICATION/STUDENT_FINANCES/10;direction=next,udff[ln],Last Name
https://studentaid.gov/fafsa-app/CYCLE2223_APPLICATION/STUDENT_FINANCES/10;direction=next,udff[ph],Phone Number
https://studentaid.gov/fafsa-app/CYCLE2223_APPLICATION/STUDENT_FINANCES/10;direction=next,udff[st],State
https://studentaid.gov/fafsa-app/CYCLE2223_APPLICATION/STUDENT_FINANCES/10;direction=next,udff[zp],Zip Code
https://studentaid.gov/fafsa-app/CYCLE2223_APPLICATION/STUDENT_FINANCES/11;direction=next,udff[ct],Country
https://studentaid.gov/fafsa-app/CYCLE2223_APPLICATION/STUDENT_FINANCES/11;direction=next,udff[em],Email
https://studentaid.gov/fafsa-app/CYCLE2223_APPLICATION/STUDENT_FINANCES/11;direction=next,udff[fn],First Name
https://studentaid.gov/fafsa-app/CYCLE2223_APPLICATION/STUDENT_FINANCES/11;direction=next,udff[ln],Last Name
https://studentaid.gov/fafsa-app/CYCLE2223_APPLICATION/STUDENT_FINANCES/11;direction=next,udff[ph],Phone Number
https://studentaid.gov/fafsa-app/CYCLE2223_APPLICATION/STUDENT_FINANCES/11;direction=next,udff[st],State
https://studentaid.gov/fafsa-app/CYCLE2223_APPLICATION/STUDENT_FINANCES/11;direction=next,udff[zp],Zip Code
https://studentaid.gov/fafsa-app/CYCLE2223_APPLICATION/STUDENT_FINANCES/11;direction=next,udff[fn],First Name
https://studentaid.gov/fafsa-app/CYCLE2223_APPLICATION/STUDENT_FINANCES/11;direction=next,udff[ln],Last Name
https://studentaid.gov/fafsa-app/CYCLE2223_APPLICATION/STUDENT_FINANCES/12;direction=next,udff[ct],Country
https://studentaid.gov/fafsa-app/CYCLE2223_APPLICATION/STUDENT_FINANCES/12;direction=next,udff[em],Email
https://studentaid.gov/fafsa-app/CYCLE2223_APPLICATION/STUDENT_FINANCES/12;direction=next,udff[fn],First Name
https://studentaid.gov/fafsa-app/CYCLE2223_APPLICATION/STUDENT_FINANCES/12;direction=next,udff[ln],Last Name
https://studentaid.gov/fafsa-app/CYCLE2223_APPLICATION/STUDENT_FINANCES/12;direction=next,udff[ph],Phone Number
https://studentaid.gov/fafsa-app/CYCLE2223_APPLICATION/STUDENT_FINANCES/12;direction=next,udff[st],State
https://studentaid.gov/fafsa-app/CYCLE2223_APPLICATION/STUDENT_FINANCES/12;direction=next,udff[zp],Zip Code
https://studentaid.gov/fafsa-app/CYCLE2223_APPLICATION/STUDENT_FINANCES/12;direction=next,udff[fn],First Name
https://studentaid.gov/fafsa-app/CYCLE2223_APPLICATION/STUDENT_FINANCES/12;direction=next,udff[ln],Last Name
https://studentaid.gov/fafsa-app/CYCLE2223_APPLICATION/STUDENT_FINANCES/13;direction=next,udff[ct],Country
https://studentaid.gov/fafsa-app/CYCLE2223_APPLICATION/STUDENT_FINANCES/13;direction=next,udff[em],Email
https://studentaid.gov/fafsa-app/CYCLE2223_APPLICATION/STUDENT_FINANCES/13;direction=next,udff[fn],First Name
https://studentaid.gov/fafsa-app/CYCLE2223_APPLICATION/STUDENT_FINANCES/13;direction=next,udff[ln],Last Name
https://studentaid.gov/fafsa-app/CYCLE2223_APPLICATION/STUDENT_FINANCES/13;direction=next,udff[ph],Phone Number
https://studentaid.gov/fafsa-app/CYCLE2223_APPLICATION/STUDENT_FINANCES/13;direction=next,udff[st],State
https://studentaid.gov/fafsa-app/CYCLE2223_APPLICATION/STUDENT_FINANCES/13;direction=next,udff[zp],Zip Code
https://studentaid.gov/fafsa-app/CYCLE2223_APPLICATION/STUDENT_FINANCES/13;direction=next,udff[fn],First Name
https://studentaid.gov/fafsa-app/CYCLE2223_APPLICATION/STUDENT_FINANCES/13;direction=next,udff[ln],Last Name
https://studentaid.gov/fafsa-app/CYCLE2223_APPLICATION/STUDENT_FINANCES/5;direction=next,udff[ct],Country
https://studentaid.gov/fafsa-app/CYCLE2223_APPLICATION/STUDENT_FINANCES/5;direction=next,udff[em],Email
https://studentaid.gov/fafsa-app/CYCLE2223_APPLICATION/STUDENT_FINANCES/5;direction=next,udff[fn],First Name
https://studentaid.gov/fafsa-app/CYCLE2223_APPLICATION/STUDENT_FINANCES/5;direction=next,udff[ln],Last Name
https://studentaid.gov/fafsa-app/CYCLE2223_APPLICATION/STUDENT_FINANCES/5;direction=next,udff[ph],Phone Number
https://studentaid.gov/fafsa-app/CYCLE2223_APPLICATION/STUDENT_FINANCES/5;direction=next,udff[st],State
https://studentaid.gov/fafsa-app/CYCLE2223_APPLICATION/STUDENT_FINANCES/5;direction=next,udff[zp],Zip Code
https://studentaid.gov/fafsa-app/CYCLE2223_APPLICATION/STUDENT_FINANCES/5;direction=next,udff[ct],Country
https://studentaid.gov/fafsa-app/CYCLE2223_APPLICATION/STUDENT_FINANCES/5;direction=next,udff[em],Email
https://studentaid.gov/fafsa-app/CYCLE2223_APPLICATION/STUDENT_FINANCES/5;direction=next,udff[fn],First Name
https://studentaid.gov/fafsa-app/CYCLE2223_APPLICATION/STUDENT_FINANCES/5;direction=next,udff[ln],Last Name
https://studentaid.gov/fafsa-app/CYCLE2223_APPLICATION/STUDENT_FINANCES/5;direction=next,udff[ph],Phone Number
https://studentaid.gov/fafsa-app/CYCLE2223_APPLICATION/STUDENT_FINANCES/5;direction=next,udff[st],State
https://studentaid.gov/fafsa-app/CYCLE2223_APPLICATION/STUDENT_FINANCES/5;direction=next,udff[zp],Zip Code
https://studentaid.gov/fafsa-app/CYCLE2223_APPLICATION/STUDENT_FINANCES/6;direction=next,udff[ct],Country
https://studentaid.gov/fafsa-app/CYCLE2223_APPLICATION/STUDENT_FINANCES/6;direction=next,udff[em],Email
https://studentaid.gov/fafsa-app/CYCLE2223_APPLICATION/STUDENT_FINANCES/6;direction=next,udff[fn],First Name
https://studentaid.gov/fafsa-app/CYCLE2223_APPLICATION/STUDENT_FINANCES/6;direction=next,udff[ln],Last Name
https://studentaid.gov/fafsa-app/CYCLE2223_APPLICATION/STUDENT_FINANCES/6;direction=next,udff[ph],Phone Number
https://studentaid.gov/fafsa-app/CYCLE2223_APPLICATION/STUDENT_FINANCES/6;direction=next,udff[st],State
https://studentaid.gov/fafsa-app/CYCLE2223_APPLICATION/STUDENT_FINANCES/6;direction=next,udff[zp],Zip Code
https://studentaid.gov/fafsa-app/CYCLE2223_APPLICATION/STUDENT_FINANCES/6;direction=next,udff[fn],First Name
https://studentaid.gov/fafsa-app/CYCLE2223_APPLICATION/STUDENT_FINANCES/6;direction=next,udff[ln],Last Name
https://studentaid.gov/fafsa-app/CYCLE2223_APPLICATION/STUDENT_FINANCES/6;direction=next,udff[fn],First Name
https://studentaid.gov/fafsa-app/CYCLE2223_APPLICATION/STUDENT_FINANCES/6;direction=next,udff[ln],Last Name
https://studentaid.gov/fafsa-app/CYCLE2223_APPLICATION/STUDENT_FINANCES/6;direction=next,udff[fn],First Name
https://studentaid.gov/fafsa-app/CYCLE2223_APPLICATION/STUDENT_FINANCES/6;direction=next,udff[ln],Last Name
https://studentaid.gov/fafsa-app/CYCLE2223_APPLICATION/STUDENT_FINANCES/6;direction=next,udff[fn],First Name
https://studentaid.gov/fafsa-app/CYCLE2223_APPLICATION/STUDENT_FINANCES/6;direction=next,udff[ln],Last Name
https://studentaid.gov/fafsa-app/CYCLE2223_APPLICATION/STUDENT_FINANCES/7;direction=next,udff[ct],Country
https://studentaid.gov/fafsa-app/CYCLE2223_APPLICATION/STUDENT_FINANCES/7;direction=next,udff[em],Email
https://studentaid.gov/fafsa-app/CYCLE2223_APPLICATION/STUDENT_FINANCES/7;direction=next,udff[fn],First Name
https://studentaid.gov/fafsa-app/CYCLE2223_APPLICATION/STUDENT_FINANCES/7;direction=next,udff[ln],Last Name
https://studentaid.gov/fafsa-app/CYCLE2223_APPLICATION/STUDENT_FINANCES/7;direction=next,udff[ph],Phone Number
https://studentaid.gov/fafsa-app/CYCLE2223_APPLICATION/STUDENT_FINANCES/7;direction=next,udff[st],State
https://studentaid.gov/fafsa-app/CYCLE2223_APPLICATION/STUDENT_FINANCES/7;direction=next,udff[zp],Zip Code
https://studentaid.gov/fafsa-app/CYCLE2223_APPLICATION/STUDENT_FINANCES/7;direction=next,udff[ct],Country
https://studentaid.gov/fafsa-app/CYCLE2223_APPLICATION/STUDENT_FINANCES/7;direction=next,udff[em],Email
https://studentaid.gov/fafsa-app/CYCLE2223_APPLICATION/STUDENT_FINANCES/7;direction=next,udff[fn],First Name
https://studentaid.gov/fafsa-app/CYCLE2223_APPLICATION/STUDENT_FINANCES/7;direction=next,udff[ln],Last Name
https://studentaid.gov/fafsa-app/CYCLE2223_APPLICATION/STUDENT_FINANCES/7;direction=next,udff[ph],Phone Number
https://studentaid.gov/fafsa-app/CYCLE2223_APPLICATION/STUDENT_FINANCES/7;direction=next,udff[st],State
https://studentaid.gov/fafsa-app/CYCLE2223_APPLICATION/STUDENT_FINANCES/7;direction=next,udff[zp],Zip Code
https://studentaid.gov/fafsa-app/CYCLE2223_APPLICATION/STUDENT_FINANCES/7;direction=next,udff[ct],Country
https://studentaid.gov/fafsa-app/CYCLE2223_APPLICATION/STUDENT_FINANCES/7;direction=next,udff[em],Email
https://studentaid.gov/fafsa-app/CYCLE2223_APPLICATION/STUDENT_FINANCES/7;direction=next,udff[fn],First Name
https://studentaid.gov/fafsa-app/CYCLE2223_APPLICATION/STUDENT_FINANCES/7;direction=next,udff[ln],Last Name
https://studentaid.gov/fafsa-app/CYCLE2223_APPLICATION/STUDENT_FINANCES/7;direction=next,udff[ph],Phone Number
https://studentaid.gov/fafsa-app/CYCLE2223_APPLICATION/STUDENT_FINANCES/7;direction=next,udff[st],State
https://studentaid.gov/fafsa-app/CYCLE2223_APPLICATION/STUDENT_FINANCES/7;direction=next,udff[zp],Zip Code
https://studentaid.gov/fafsa-app/CYCLE2223_APPLICATION/STUDENT_FINANCES/9;direction=next,udff[ct],Country
https://studentaid.gov/fafsa-app/CYCLE2223_APPLICATION/STUDENT_FINANCES/9;direction=next,udff[em],Email
https://studentaid.gov/fafsa-app/CYCLE2223_APPLICATION/STUDENT_FINANCES/9;direction=next,udff[fn],First Name
https://studentaid.gov/fafsa-app/CYCLE2223_APPLICATION/STUDENT_FINANCES/9;direction=next,udff[ln],Last Name
https://studentaid.gov/fafsa-app/CYCLE2223_APPLICATION/STUDENT_FINANCES/9;direction=next,udff[ph],Phone Number
https://studentaid.gov/fafsa-app/CYCLE2223_APPLICATION/STUDENT_FINANCES/9;direction=next,udff[st],State
https://studentaid.gov/fafsa-app/CYCLE2223_APPLICATION/STUDENT_FINANCES/9;direction=next,udff[zp],Zip Code
https://studentaid.gov/fafsa-app/CYCLE2223_END_OF_ENTRY/EOE_SECTION/6052;direction=next,udff[ct],Country
https://studentaid.gov/fafsa-app/CYCLE2223_END_OF_ENTRY/EOE_SECTION/6052;direction=next,udff[em],Email
https://studentaid.gov/fafsa-app/CYCLE2223_END_OF_ENTRY/EOE_SECTION/6052;direction=next,udff[fn],First Name
https://studentaid.gov/fafsa-app/CYCLE2223_END_OF_ENTRY/EOE_SECTION/6052;direction=next,udff[ln],Last Name
https://studentaid.gov/fafsa-app/CYCLE2223_END_OF_ENTRY/EOE_SECTION/6052;direction=next,udff[ph],Phone Number
https://studentaid.gov/fafsa-app/CYCLE2223_END_OF_ENTRY/EOE_SECTION/6052;direction=next,udff[st],State
https://studentaid.gov/fafsa-app/CYCLE2223_END_OF_ENTRY/EOE_SECTION/6052;direction=next,udff[zp],Zip Code
https://studentaid.gov/fafsa-app/CYCLE2223_END_OF_ENTRY/EOE_SECTION/6052;direction=next,udff[ct],Country
https://studentaid.gov/fafsa-app/CYCLE2223_END_OF_ENTRY/EOE_SECTION/6052;direction=next,udff[em],Email
https://studentaid.gov/fafsa-app/CYCLE2223_END_OF_ENTRY/EOE_SECTION/6052;direction=next,udff[fn],First Name
https://studentaid.gov/fafsa-app/CYCLE2223_END_OF_ENTRY/EOE_SECTION/6052;direction=next,udff[ln],Last Name
https://studentaid.gov/fafsa-app/CYCLE2223_END_OF_ENTRY/EOE_SECTION/6052;direction=next,udff[ph],Phone Number
https://studentaid.gov/fafsa-app/CYCLE2223_END_OF_ENTRY/EOE_SECTION/6052;direction=next,udff[st],State
https://studentaid.gov/fafsa-app/CYCLE2223_END_OF_ENTRY/EOE_SECTION/6052;direction=next,udff[zp],Zip Code
https://studentaid.gov/fafsa-app/ENTER_SAVE_KEY;direction=next,udff[fn],First Name
https://studentaid.gov/fafsa-app/ENTER_SAVE_KEY;direction=next,udff[ln],Last Name
https://studentaid.gov/fafsa-app/ENTER_SAVE_KEY;direction=next,udff[fn],First Name
https://studentaid.gov/fafsa-app/ENTER_SAVE_KEY;direction=next,udff[ln],Last Name
https://studentaid.gov/fafsa-app/ENTER_SAVE_KEY;direction=next,udff[fn],First Name
https://studentaid.gov/fafsa-app/ENTER_SAVE_KEY;direction=next,udff[ln],Last Name
https://studentaid.gov/fafsa-app/ENTER_SAVE_KEY;direction=next,udff[fn],First Name
https://studentaid.gov/fafsa-app/ENTER_SAVE_KEY;direction=next,udff[ln],Last Name
https://studentaid.gov/fafsa-app/ENTER_SAVE_KEY;direction=next,udff[fn],First Name
https://studentaid.gov/fafsa-app/ENTER_SAVE_KEY;direction=next,udff[ln],Last Name
https://studentaid.gov/fafsa-app/MY_FAFSA;direction=next,udff[fn],First Name
https://studentaid.gov/fafsa-app/MY_FAFSA;direction=next,udff[ln],Last Name
https://studentaid.gov/fafsa-app/MY_FAFSA;direction=next,udff[fn],First Name
https://studentaid.gov/fafsa-app/MY_FAFSA;direction=next,udff[ln],Last Name
https://studentaid.gov/fafsa-app/MY_FAFSA;direction=next,udff[fn],First Name
https://studentaid.gov/fafsa-app/MY_FAFSA;direction=next,udff[ln],Last Name
https://studentaid.gov/fafsa-app/ROLES,udff[fn],First Name
https://studentaid.gov/fafsa-app/ROLES,udff[ln],Last Name
https://studentaid.gov/fafsa-app/ROLES,udff[fn],First Name
https://studentaid.gov/fafsa-app/ROLES,udff[ln],Last Name
https://studentaid.gov/fafsa-app/ROLES,udff[fn],First Name
https://studentaid.gov/fafsa-app/ROLES,udff[ln],Last Name
https://studentaid.gov/fafsa-app/ROLES,udff[fn],First Name
https://studentaid.gov/fafsa-app/ROLES,udff[ln],Last Name
https://studentaid.gov/fafsa-app/ROLES,udff[fn],First Name
https://studentaid.gov/fafsa-app/ROLES,udff[fn],First Name
https://studentaid.gov/fafsa-app/ROLES,udff[ln],Last Name
https://studentaid.gov/fafsa-app/ROLES,udff[ln],Last Name
https://studentaid.gov/fafsa-app/ROLES,udff[fn],First Name
https://studentaid.gov/fafsa-app/ROLES,udff[ln],Last Name
https://studentaid.gov/fafsa-app/ROLES,udff[fn],First Name
https://studentaid.gov/fafsa-app/ROLES,udff[ln],Last Name
https://studentaid.gov/fsa-id/sign-in/landing,udff[em],Email
https://studentaid.gov/fsa-id/sign-in/landing,udff[em],Email
https://studentaid.gov/h/apply-for-aid/fafsa,udff[st],State
https://studentaid.gov/h/apply-for-aid/fafsa,udff[st],State
https://studentaid.gov/h/apply-for-aid/fafsa?utm_source=mcp&utm_medium=email&utm_campaign=renewal_winter_2022_reminder&utm_content=v_a,udff[st],State
https://studentaid.gov/h/apply-for-aid/fafsa?utm_source=mcp&utm_medium=email&utm_campaign=renewal_winter_2022_reminder&utm_content=v_a,udff[st],State
